scientificName,x,y
Pterois volitans,-77.770906,34.21216
Pterois volitans,-67.23322,17.99116
Pterois volitans,-81.7244,12.4989
Pterois volitans,-66.85712814,10.61994889
Pterois volitans,-63.76464844,11.00590446
Pterois volitans,-64.759186,32.315986
Pterois volitans,-66.06352687,10.57838797
Pterois volitans,137.1,-10.75181
Pterois volitans,153.4,-27.88333
Pterois volitans,-81.3348,24.558183
Pterois volitans,-83.09574,24.63236
Pterois volitans,116.13333,-20.5575
Pterois volitans,138.1499939,9.498056412
Pterois volitans,150.3666687,-5.166666508
Pterois volitans,124.768,1.59622
Pterois volitans,-74.220199,11.246577
Pterois volitans,98.195528,-1.011629
Pterois volitans,-67.23898888,10.55266399
Pterois volitans,98.7561,7.6916
Pterois volitans,78.8867,8.9532
Pterois volitans,115.66,-8.33752
Pterois volitans,118.855,-19.026665
Pterois volitans,118.253335,-19.6425
Pterois volitans,-81.2217,19.3535
Pterois volitans,-83.06165,24.6773833
Pterois volitans,-81.40668,24.54246
Pterois volitans,117.775835,-19.598335
Pterois volitans,-64.033041,10.44414403
Pterois volitans,116.70111,-19.525135
Pterois volitans,-81.54724,24.51001
Pterois volitans,-81.719875,12.547161
Pterois volitans,-81.421,19.3751
Pterois volitans,-64.75582123,10.29946574
Pterois volitans,123.41806,-13.80083
Pterois volitans,-66.17228508,10.60847565
Pterois volitans,-76.637453,24.867653
Pterois volitans,-63.197,18.2579
Pterois volitans,-64.75530624,10.29465219
Pterois volitans,116.85833,-19.725695
Pterois volitans,-74.20697,11.27335
Pterois volitans,-64.49923038,10.36236241
Pterois volitans,113.38333,-24.86666
Pterois volitans,-80.292283,25.132483
Pterois volitans,98.8956,7.42953
Pterois volitans,-64.40415144,10.97272835
Pterois volitans,159.083,-31.516
Pterois volitans,150.7916667,-2.591666667
Pterois volitans,-68.19488525,10.78879174
Pterois volitans,121.066633,13.563917
Pterois volitans,146.833333,-19.133333
Pterois volitans,145.797978,-5.22119
Pterois volitans,-177.89,-29.28
Pterois volitans,-64.21783447,10.84274755
Pterois volitans,153.433,-29.70833
Pterois volitans,151.916667,-23.45
Pterois volitans,117.83333,-19.99167
Pterois volitans,34.4962,28.479
Pterois volitans,115.662,-8.33677
Pterois volitans,-82.9154833,24.5982667
Pterois volitans,-67.74413198,10.49706638
Pterois volitans,-67.27118,18.34652
Pterois volitans,-67.23935902,10.55183602
Pterois volitans,118.1525,-18.963335
Pterois volitans,144.454167,7.248611
Pterois volitans,-81.00797,24.65295
Pterois volitans,-81.240754,19.319834
Pterois volitans,-66.9978,17.88827
Pterois volitans,-67.01985865,10.6137945
Pterois volitans,130.533333,31.166667
Pterois volitans,-67.4886,18.38158
Pterois volitans,-66.8464,10.6216
Pterois volitans,-81.471,24.5376667
Pterois volitans,-64.75394368,10.29725954
Pterois volitans,-80.175467,25.271617
Pterois volitans,-82.88039,24.71996
Pterois volitans,31.058165,-29.854316
Pterois volitans,-80.92499,24.74736
Pterois volitans,72.041665,-15.075
Pterois volitans,-80.65693,24.81783
Pterois volitans,-82.77027,24.69093
Pterois volitans,168.1083374,-16.59166718
Pterois volitans,34.3203,27.8622
Pterois volitans,-68.11523438,10.69299635
Pterois volitans,-64.76107836,10.29114753
Pterois volitans,116.567775,-19.459305
Pterois volitans,34.2458,27.74
Pterois volitans,-67.27632,18.16637
Pterois volitans,87.63333,21.647223
Pterois volitans,54.583,-20.967
Pterois volitans,-67.24758,18.14658
Pterois volitans,-68.21651459,10.7392113
Pterois volitans,-80.09017,25.60501
Pterois volitans,-76.726,34.7229
Pterois volitans,120.7200012,22.03000069
Pterois volitans,-70.4098,19.7602
Pterois volitans,-67.30499268,10.5458714
Pterois volitans,-66.88373566,11.78653465
Pterois volitans,-68.2513243,10.81953299
Pterois volitans,152.75,-25.833
Pterois volitans,-83.0176,24.6803833
Pterois volitans,115.8333333,-20.18333333
Pterois volitans,118.08333,-19.720835
Pterois volitans,-82.8765833,24.7200167
Pterois volitans,102.743,5.88084
Pterois volitans,34.4587,28.4374
Pterois volitans,56.351,25.6031
Pterois volitans,-80.38355,25.003967
Pterois volitans,-67.47380555,10.5329714
Pterois volitans,33.8977,27.2256
Pterois volitans,-83.08521,24.65575
Pterois volitans,118.03333,-19.825
Pterois volitans,55.4653,-4.73919
Pterois volitans,153.629,-28.6114
Pterois volitans,-66.8542099,10.62197354
Pterois volitans,-80.562567,24.8797
Pterois volitans,116.733,20.717
Pterois volitans,-66.26188695,10.64910988
Pterois volitans,-178.826056,-31.420944
Pterois volitans,178.3891667,-18.14416667
Pterois volitans,115.9725,-20.71
Pterois volitans,123.284083,11.930085
Pterois volitans,149.083,-20.45
Pterois volitans,34.3578,27.9159
Pterois volitans,-80.268333,25.1758
Pterois volitans,145.697465,15.152302
Pterois volitans,-67.24803,18.14653
Pterois volitans,178.3855556,-18.13944444
Pterois volitans,-177.855889,-29.251639
Pterois volitans,-80.204067,25.221067
Pterois volitans,-64.75243628,10.30632704
Pterois volitans,-64.76054192,10.29034526
Pterois volitans,136.07528,-9.50972
Pterois volitans,-81.6061167,24.5072167
Pterois volitans,145.753687,18.144987
Pterois volitans,-83.0383,24.6178333
Pterois volitans,-74.2397,11.20797
Pterois volitans,117.948335,-19.945835
Pterois volitans,-81.40682,24.54241
Pterois volitans,116.859725,-19.567775
Pterois volitans,-66.15695357,10.60874983
Pterois volitans,145.994,-16.7671
Pterois volitans,153.25,-27.25
Pterois volitans,-80.095617,25.540967
Pterois volitans,145.786673,15.173612
Pterois volitans,141.417775,-12.08333
Pterois volitans,-67.94926,18.09474
Pterois volitans,-67.1919,18.1893
Pterois volitans,34.9404,24.9645
Pterois volitans,-80.204117,25.220883
Pterois volitans,-66.89536572,11.79266811
Pterois volitans,-178.826556,-31.354194
Pterois volitans,-83.05805,24.67964
Pterois volitans,119.567915,-19.525695
Pterois volitans,114.189,-21.818
Pterois volitans,-69.152,12.351
Pterois volitans,-177.897139,-29.279861
Pterois volitans,-80.5039333,24.9203667
Pterois volitans,-64.94155884,10.15139438
Pterois volitans,-66.0976553,10.59233012
Pterois volitans,113.73333,-25.35
Pterois volitans,-82.87633,24.72059
Pterois volitans,145.25,-15.466
Pterois volitans,-81.80071,24.47097
Pterois volitans,-80.09891,25.51435
Pterois volitans,-64.60503817,10.29625671
Pterois volitans,148.03333,-18.83333
Pterois volitans,-77.888775,26.798849
Pterois volitans,-82.8434,24.69124
Pterois volitans,146.83333,-19.13333
Pterois volitans,130.671667,31.277222
Pterois volitans,140.83333,-17.48333
Pterois volitans,88,18
Pterois volitans,98.7757,7.74348
Pterois volitans,-82.96174,24.63976
Pterois volitans,-80.20265,25.22475
Pterois volitans,-81.3915167,24.6161667
Pterois volitans,53.25,-20.75
Pterois volitans,-66.73928261,10.62475741
Pterois volitans,153.35,-27.48333
Pterois volitans,139.49347,-10.15861
Pterois volitans,141.65,-12.75
Pterois volitans,-67.23856509,10.55179911
Pterois volitans,133.25,-32.27
Pterois volitans,145.448,-14.651
Pterois volitans,-80.13153,25.37997
Pterois volitans,-67.73869514,10.50148386
Pterois volitans,-64.76069212,10.25037672
Pterois volitans,-82.92805,24.66931
Pterois volitans,-82.97283,24.61905
Pterois volitans,115.584,-8.53273
Pterois volitans,55.254731,-4.479107
Pterois volitans,-74.21244,11.25782
Pterois volitans,-81.8638889,12.1397194
Pterois volitans,76.233,9.933
Pterois volitans,-67.82718658,10.48072247
Pterois volitans,56.3659,25.4819
Pterois volitans,-68.2671,12.045
Pterois volitans,-65.38770676,10.91742656
Pterois volitans,117.845,-19.935
Pterois volitans,117.935,-20.07833
Pterois volitans,148.75,-20.666
Pterois volitans,32.557918,-28.72652
Pterois volitans,145.44299,-14.6775
Pterois volitans,-80.17878,25.2644
Pterois volitans,140.0025,-14.24278
Pterois volitans,-67.11616516,10.57557205
Pterois volitans,-80.575,24.87052
Pterois volitans,-81.47799,24.53079
Pterois volitans,-82.96551,24.62914
Pterois volitans,118.67167,-19.28
Pterois volitans,34.3946,27.9502
Pterois volitans,-84.36,28.07
Pterois volitans,145.5,-14.66666698
Pterois volitans,120.7300034,21.93000031
Pterois volitans,144.661944,13.272019
Pterois volitans,121.0165,12.19349
Pterois volitans,-80.239517,25.158667
Pterois volitans,118.14583,-19.764165
Pterois volitans,128.425835,-13.77514
Pterois volitans,123.3074,9.307
Pterois volitans,128.1670074,-3.832999945
Pterois volitans,55.59999847,-20.86700058
Pterois volitans,-67.2099781,10.55591257
Pterois volitans,-67.23897815,10.55158816
Pterois volitans,102.659,5.87559
Pterois volitans,-81.13655,24.6209833
Pterois volitans,-82.90752,24.6868
Pterois volitans,-77.3566666,8.6721666
Pterois volitans,-64.56390381,10.34194006
Pterois volitans,117.0833333,-19.33333333
Pterois volitans,-67.23851681,10.55234757
Pterois volitans,-81.234,24.678
Pterois volitans,-66.74697,17.95955
Pterois volitans,120.8333435,21.91666603
Pterois volitans,128.405278,27.048889
Pterois volitans,134.579722,7.345833
Pterois volitans,-82.90749,24.68691
Pterois volitans,-66.47615254,10.62965284
Pterois volitans,115.239165,-20.709165
Pterois volitans,-128.35,-24.35
Pterois volitans,34.5197,28.4991
Pterois volitans,-177.926333,-29.273056
Pterois volitans,-67.23932952,10.55217881
Pterois volitans,34.9688,29.4439
Pterois volitans,-64.75612164,10.29482636
Pterois volitans,40.198994,-3.02876
Pterois volitans,-64.6059823,10.2945044
Pterois volitans,-83.06965,24.67035
Pterois volitans,79.833,11.983
Pterois volitans,-80.8346,24.72156
Pterois volitans,-80.21685,25.20855
Pterois volitans,34.5208,28.5548
Pterois volitans,-67.23926783,10.55273255
Pterois volitans,127.7825,26.436944
Pterois volitans,-69.8468256,12.03550113
Pterois volitans,-80.158941,25.454078
Pterois volitans,145.3958282,-15.69194412
Pterois volitans,153.55,-27.4
Pterois volitans,-80.16443,25.29207
Pterois volitans,-80.13425,25.377167
Pterois volitans,-82.8413667,24.7233667
Pterois volitans,153.333333,-27.166667
Pterois volitans,30.8025,26.8206
Pterois volitans,33.8579,27.2316
Pterois volitans,92.6984,11.9676
Pterois volitans,-82.8731667,24.6589833
Pterois volitans,-82.8684667,24.6566167
Pterois volitans,145.8041534,-15.60715008
Pterois volitans,-80.268317,25.150017
Pterois volitans,136.32625,-10.15056
Pterois volitans,134.109,-0.87095
Pterois volitans,120.716228,21.932877
Pterois volitans,-81.2409,19.3222
Pterois volitans,-69.84609604,12.03621466
Pterois volitans,-81.39812,24.54616
Pterois volitans,118.575,-19.525
Pterois volitans,128.445,27.061111
Pterois volitans,-80.138217,25.3631
Pterois volitans,-170.6833333,-14.2666667
Pterois volitans,-69.0857,12.2187
Pterois volitans,-67.484,18.37747
Pterois volitans,-67.23879039,10.55236339
Pterois volitans,-81.94131,24.5141
Pterois volitans,-67.67080307,12.03243716
Pterois volitans,-80.15751,25.47661
Pterois volitans,116.691665,-20.008335
Pterois volitans,-82.94541,24.63121
Pterois volitans,55.416667,-4.616667
Pterois volitans,121.6900024,25.20999908
Pterois volitans,117.8,-19.33
Pterois volitans,-80.43921,24.96705
Pterois volitans,34.95000076,29.5
Pterois volitans,-74.1286111,11.3298611
Pterois volitans,-81.75273,24.47229
Pterois volitans,141.27625,-11.725135
Pterois volitans,-177.895722,-29.309028
Pterois volitans,-64.8938,17.7473
Pterois volitans,43.5,-23.33333397
Pterois volitans,130.202,31.336
Pterois volitans,-82.8532,24.72291
Pterois volitans,131.1319,3.0117
Pterois volitans,-67.23903179,10.5528433
Pterois volitans,-82.8335667,24.72285
Pterois volitans,33.9079,27.3099
Pterois volitans,120.80362,14.725738
Pterois volitans,33.8482,27.2107
Pterois volitans,152.916,-31.45
Pterois volitans,-69.6029,18.4421
Pterois volitans,-80.71569,24.77599
Pterois volitans,-82.9994333,24.69975
Pterois volitans,87.6333313,21.64722252
Pterois volitans,-67.94727445,10.48845541
Pterois volitans,95.2828,5.86016
Pterois volitans,123.401,9.95566
Pterois volitans,-77.33625,8.6420555
Pterois volitans,-67.47073174,10.53760197
Pterois volitans,134.493611,7.32
Pterois volitans,-80.68855,24.796383
Pterois volitans,-69.1528,12.3411
Pterois volitans,-81.235,24.4958333
Pterois volitans,-81.0991,24.6633
Pterois volitans,122.228201,-8.610203
Pterois volitans,-86.6087,16.3095
Pterois volitans,-66.03057861,10.80093264
Pterois volitans,-80.80352,24.73751
Pterois volitans,-83.03263,24.68483
Pterois volitans,-80.3746,25.005967
Pterois volitans,34.9688,29.5447
Pterois volitans,33.9749,27.134
Pterois volitans,121.56764,-18.341665
Pterois volitans,117.492,-8.26578
Pterois volitans,-67.549892,10.521515
Pterois volitans,-157.338197,1.861438
Pterois volitans,-82.9639,24.5733833
Pterois volitans,115.589,-8.29321
Pterois volitans,-87.2344,20.484
Pterois volitans,151.266,-33.85
Pterois volitans,-80.1524333,25.3120333
Pterois volitans,116.925275,-19.96778
Pterois volitans,-67.2406733,10.55466799
Pterois volitans,127.706667,26.087778
Pterois volitans,134.50139,-9.659585
Pterois volitans,-68.2853,12.0995
Pterois volitans,115.868335,-20.664165
Pterois volitans,-81.98934,24.43205
Pterois volitans,122.233,-17.966
Pterois volitans,140,-11.0175
Pterois volitans,72.811,4.20113
Pterois volitans,-67.47161686,10.53470655
Pterois volitans,140.166,-17.416
Pterois volitans,153.15,-26.8
Pterois volitans,-68.24597597,10.8185424
Pterois volitans,-67.25503922,10.54807585
Pterois volitans,120.7099991,21.97999954
Pterois volitans,-80.2069,25.33355
Pterois volitans,145.744785,18.093946
Pterois volitans,-81.091,19.293
Pterois volitans,134.5398407,7.266944408
Pterois volitans,-140.05,-8.8
Pterois volitans,113.68333,-28.48333
Pterois volitans,114.96667,-29.95
Pterois volitans,-67.99562931,10.49137763
Pterois volitans,-67.26997,18.34732
Pterois volitans,34.9717,29.4551
Pterois volitans,166.4,-72.435
Pterois volitans,-67.51321793,10.52545055
Pterois volitans,-82.81835,24.6242167
Pterois volitans,148.25,-20.05
Pterois volitans,-81.883433,24.44825
Pterois volitans,121,14.5
Pterois volitans,-84.27177,28.45916
Pterois volitans,178.400333,-18.163933
Pterois volitans,116.25,-8.717
Pterois volitans,-63.36914063,15.39013572
Pterois volitans,-64.75064993,10.26770654
Pterois volitans,115.396665,-20.1425
Pterois volitans,-82.92716,24.58221
Pterois volitans,-81.334767,24.558217
Pterois volitans,138.072222,9.523611
Pterois volitans,-82.96538,24.62957
Pterois volitans,-81.90215,24.47432
Pterois volitans,-80.14216,25.34964
Pterois volitans,-67.23846316,10.55181493
Pterois volitans,178.3891667,-18.14416667
Pterois volitans,-83.0025,24.6707167
Pterois volitans,-80.5141,24.9107167
Pterois volitans,-66.62272453,11.95301352
Pterois volitans,-86.6197,16.3095
Pterois volitans,160.62521,-8.885548
Pterois volitans,-64.75597143,10.29925462
Pterois volitans,-80.22358,25.20755
Pterois volitans,76.23300171,9.932999611
Pterois volitans,145.81442,15.25888
Pterois volitans,-63.76893997,11.21637464
Pterois volitans,-177.878722,-29.241472
Pterois volitans,33.8542,27.4089
Pterois volitans,-81.61404,24.49915
Pterois volitans,-175.33,-22.21333333
Pterois volitans,-65.36205411,10.90650192
Pterois volitans,-67.23851144,10.55235284
Pterois volitans,-178.083,-14.25
Pterois volitans,145.5,-14.66666667
Pterois volitans,153.416667,-27.966667
Pterois volitans,72.7053,6.40979
Pterois volitans,-93.83,27.83
Pterois volitans,-178.44255,-30.2316
Pterois volitans,130.968195,-11.051665
Pterois volitans,121.8499985,24.60000038
Pterois volitans,151.25583,-33.84133
Pterois volitans,-82.7738,24.66574
Pterois volitans,-67.23920882,10.55241613
Pterois volitans,-140.05,-8.833
Pterois volitans,134.579444,7.343333
Pterois volitans,-64.60540295,10.29427217
Pterois volitans,-66.04982,10.58022
Pterois volitans,138.852085,-13.60139
Pterois volitans,-67.25162745,10.55441485
Pterois volitans,-66.19741201,11.80417849
Pterois volitans,33.8833,27.7833
Pterois volitans,-67.17041016,10.81172414
Pterois volitans,125,-10
Pterois volitans,127.7655029,26.44169998
Pterois volitans,-82.96955,24.61997
Pterois volitans,-67.18053818,10.55771614
Pterois volitans,113.75,-23.1
Pterois volitans,119.401948,4.717582
Pterois volitans,-80.1131,25.5393167
Pterois volitans,153.566,-28.866
Pterois volitans,-80.270517,25.238133
Pterois volitans,116.4875,-19.624165
Pterois volitans,-67.34161288,10.54443429
Pterois volitans,-68.9451,12.1045
Pterois volitans,-67.25276202,10.55076282
Pterois volitans,128.9691667,27.66805556
Pterois volitans,-81.77725,24.467567
Pterois volitans,93,10
Pterois volitans,117.51778,-19.44361
Pterois volitans,-81.71959,24.49957
Pterois volitans,72.79,11.21
Pterois volitans,-80.322617,25.063967
Pterois volitans,117.949165,-19.695835
Pterois volitans,115.266,-33.8
Pterois volitans,-74.1927777,11.2958888
Pterois volitans,137.251805,-12.400835
Pterois volitans,-87.44,29.95
Pterois volitans,-80.2054,25.21925
Pterois volitans,117.3525,-20.346665
Pterois volitans,131.7401833,2.874483333
Pterois volitans,-67.23859727,10.55236866
Pterois volitans,127.713,26.4415
Pterois volitans,-62.9554,18.2965
Pterois volitans,139.65861,-11.92611
Pterois volitans,-67.23860264,10.55233702
Pterois volitans,-83.07355,24.66551
Pterois volitans,129.839167,31.822222
Pterois volitans,72.8028,3.48326
Pterois volitans,-66.12154,17.89966
Pterois volitans,117.80667,-20.04083
Pterois volitans,-63.76796365,11.21524858
Pterois volitans,-81.335433,24.560067
Pterois volitans,-67.23852217,10.55230538
Pterois volitans,137.25,-14.151115
Pterois volitans,-67.21830368,10.55300151
Pterois volitans,-67.18439788,10.55632391
Pterois volitans,-66.85679555,10.61995417
Pterois volitans,34.4133,25.9024
Pterois volitans,117.2525,-19.72583
Pterois volitans,127.878333,26.6525
Pterois volitans,-65.23681641,10.293301
Pterois volitans,-64.26353663,10.56521775
Pterois volitans,117.908335,-20.008335
Pterois volitans,-80.460017,24.94585
Pterois volitans,115.731,-32.2739
Pterois volitans,145.25,-15.47
Pterois volitans,-81.5858,24.5037167
Pterois volitans,-67.55561829,10.5269695
Pterois volitans,114.191,-21.8166
Pterois volitans,-66.84400678,10.62239534
Pterois volitans,119.966667,15.25
Pterois volitans,130.21,31.28472222
Pterois volitans,116.608335,-20.2025
Pterois volitans,-80.1628,25.2939667
Pterois volitans,-81.1648,19.3524
Pterois volitans,-67.24008322,10.55164617
Pterois volitans,-65.19714,18.13869
Pterois volitans,34.3344,27.874
Pterois volitans,140.46833,-11.16083
Pterois volitans,57.516,-20.516
Pterois volitans,-83.0425333,24.6737667
Pterois volitans,48,-13.5
Pterois volitans,-81.656967,24.49005
Pterois volitans,-66.95998,17.89755
Pterois volitans,113.66064,-22.55396
Pterois volitans,-64.7252655,10.30913485
Pterois volitans,136.88514,-13.14264
Pterois volitans,115.795,-19.91
Pterois volitans,136.17625,-10.50847
Pterois volitans,120.4599991,22.47999954
Pterois volitans,-67.24309802,10.55081819
Pterois volitans,-64.60335374,10.28904684
Pterois volitans,-67.94559002,10.46299824
Pterois volitans,151.67866,-22.83447
Pterois volitans,-67.98374176,10.48544876
Pterois volitans,-66.08026,17.90486
Pterois volitans,155,-6
Pterois volitans,114.25,-22.08333
Pterois volitans,34.3277,27.9095
Pterois volitans,-67.74333,10.4982769
Pterois volitans,-82.87305,24.7023
Pterois volitans,107.7750015,8.215000153
Pterois volitans,2.184167,0.510278
Pterois volitans,-65.36292315,10.90689172
Pterois volitans,153.366667,-27.483333
Pterois volitans,-67.26718426,10.54776997
Pterois volitans,-79.98619843,26.89410019
Pterois volitans,-64.75582123,10.29929685
Pterois volitans,-64.75989819,10.29399771
Pterois volitans,-63.83056641,10.91961776
Pterois volitans,-82.7845,24.65445
Pterois volitans,153.633,-28.39166
Pterois volitans,34.2823,27.6431
Pterois volitans,119.315,11.1505
Pterois volitans,127.951115,-12.750695
Pterois volitans,-67.23908544,10.55415117
Pterois volitans,117.51,-20.145
Pterois volitans,98.765,7.67889
Pterois volitans,-80.5624,24.879733
Pterois volitans,-66.8452,10.6222
Pterois volitans,-64.75041389,10.26840858
Pterois volitans,-69.1588,12.2908
Pterois volitans,-81.98589,24.43224
Pterois volitans,-81.92109,24.43713
Pterois volitans,144.751111,13.478333
Pterois volitans,-81.39372,24.56497
Pterois volitans,140,-15.39306
Pterois volitans,-81.1060167,24.6236333
Pterois volitans,120.016,11.9785
Pterois volitans,-82.8430333,24.6563167
Pterois volitans,34.3088,27.8473
Pterois volitans,34.0731,26.5136
Pterois volitans,162.155,11.65
Pterois volitans,-83.10303,24.65014
Pterois volitans,-66.11572266,10.82251526
Pterois volitans,136.734305,-10.75111
Pterois volitans,128,-3
Pterois volitans,159.083,-33.55
Pterois volitans,35.711,24.1587
Pterois volitans,-69.0307,18.3676
Pterois volitans,106.9850006,10.14500046
Pterois volitans,-67.23853827,10.55203115
Pterois volitans,-67.94782162,10.4840984
Pterois volitans,-81.7097,24.5066
Pterois volitans,-80.704333,24.781317
Pterois volitans,-83.0146167,24.6572167
Pterois volitans,98.367,7.59106
Pterois volitans,-81.67901,24.47936
Pterois volitans,129.2666667,28.18666667
Pterois volitans,-83.233333,26.2
Pterois volitans,134.426385,-10.193335
Pterois volitans,-67.82375336,10.48241044
Pterois volitans,-80.5244,24.9052833
Pterois volitans,-66.3736,18.48955
Pterois volitans,137.450975,-12.533335
Pterois volitans,118.10583,-19.266665
Pterois volitans,-75.7706389,10.1748611
Pterois volitans,-81.22576,24.59567
Pterois volitans,-67.26928711,10.5526218
Pterois volitans,-77.9303,18.4895
Pterois volitans,153.36667,-27.48333
Pterois volitans,128.408056,27.031667
Pterois volitans,-82.88335,24.68295
Pterois volitans,153.41666,-27.96667
Pterois volitans,-80.09045,25.60466
Pterois volitans,117.355,-20.24
Pterois volitans,-86.4,16.3833
Pterois volitans,-67.74497956,10.49604178
Pterois volitans,-80.20955,25.1974167
Pterois volitans,125.76636,-8.50691
Pterois volitans,-81.879417,24.4491
Pterois volitans,169.333,-19.333
Pterois volitans,-65.38410187,10.91675234
Pterois volitans,-61.7907,12.0186
Pterois volitans,121.5,5.5
Pterois volitans,47.08694458,-25.0363884
Pterois volitans,145.451,-14.662
Pterois volitans,-80.4246,25.0708
Pterois volitans,117.1175,-20.2175
Pterois volitans,113.866667,-28.883333
Pterois volitans,123.32472,9.317914
Pterois volitans,118.82417,-19.5225
Pterois volitans,153.533333,-27.433333
Pterois volitans,-87.7065,18.7143
Pterois volitans,-80.6172,24.904583
Pterois volitans,-82.8141667,24.6252667
Pterois volitans,-67.74451017,10.49663122
Pterois volitans,153.028,-24.33533
Pterois volitans,151.7,-33.167
Pterois volitans,-67.0006,10.5978
Pterois volitans,-67.34233975,10.54421542
Pterois volitans,-82.8312,24.72261
Pterois volitans,159.083,-29.46333
Pterois volitans,-82.9315,24.66242
Pterois volitans,116.5275,-20.404165
Pterois volitans,129.655,28.427222
Pterois volitans,117.945835,-19.774165
Pterois volitans,117.87,-19.914165
Pterois volitans,-66.48170471,10.6302407
Pterois volitans,145.45399,-14.6454
Pterois volitans,117.780835,-19.99333
Pterois volitans,-66.84573144,10.62191027
Pterois volitans,-82.96346,24.6121
Pterois volitans,178.091,-18.3912
Pterois volitans,-80.1911,25.43735
Pterois volitans,-80.24461,25.15927
Pterois volitans,-64.62192535,10.29684785
Pterois volitans,-66.26175821,10.64936293
Pterois volitans,151.466667,-21.033333
Pterois volitans,29.5333004,-31.63330078
Pterois volitans,-67.25076914,10.55118208
Pterois volitans,-67.74386644,10.49736967
Pterois volitans,150,40
Pterois volitans,113.33361,-23.55139
Pterois volitans,-82.93499,24.65651
Pterois volitans,118.126665,-19.43667
Pterois volitans,-77.3328,18.4796
Pterois volitans,33.8879,27.2674
Pterois volitans,145.455,-14.6947
Pterois volitans,120.7445278,22.00441667
Pterois volitans,-80.5354,24.918167
Pterois volitans,117.065,-20.035
Pterois volitans,-80.5307,24.9025
Pterois volitans,72.9736,4.10201
Pterois volitans,-67.05755978,10.59292468
Pterois volitans,178.3855591,-18.13944435
Pterois volitans,119.504807,-8.58333
Pterois volitans,153.16666,-27.43333
Pterois volitans,-81.0695167,24.6667833
Pterois volitans,54.58300018,-20.96699905
Pterois volitans,117.29,-20.023335
Pterois volitans,72.5,11
Pterois volitans,-67.31323242,10.54182109
Pterois volitans,159.083,-31.55
Pterois volitans,-61.7977,12.017
Pterois volitans,-80.1781167,25.2706
Pterois volitans,-82.79657,24.72251
Pterois volitans,-177.8957,-29.2794
Pterois volitans,125.47533,-8.56325
Pterois volitans,-80.20115,25.22775
Pterois volitans,-81.594883,24.514033
Pterois volitans,147.083,-9.483
Pterois volitans,-82.86396,24.69712
Pterois volitans,-80.701617,24.782917
Pterois volitans,139.575835,-11.226805
Pterois volitans,-80.75353,24.76471
Pterois volitans,34.3139,27.8472
Pterois volitans,-82.96115,24.63445
Pterois volitans,-67.5,10.52966985
Pterois volitans,-80.73527,24.76515
Pterois volitans,97.83333588,1
Pterois volitans,-81.87274,24.47007
Pterois volitans,117.543335,-19.020835
Pterois volitans,131.759025,-10.61889
Pterois volitans,113.58333,-28.33333
Pterois volitans,-82.85909,24.71781
Pterois volitans,-74.24058,11.21917
Pterois volitans,-69.092,12.2276
Pterois volitans,-68.96929932,12.12230015
Pterois volitans,-80.0905,25.63919
Pterois volitans,73.0368,3.21529
Pterois volitans,-66.0837,18.4638
Pterois volitans,-66.88836,17.93626
Pterois volitans,-61.804,12.0185
Pterois volitans,-82.8564167,24.6399833
Pterois volitans,-66.71928406,11.7715785
Pterois volitans,120.1303,12.2089
Pterois volitans,-82.9668,24.63298
Pterois volitans,-83.10143,24.65384
Pterois volitans,-177.96,-29.29
Pterois volitans,-80.14037,25.35728
Pterois volitans,116.671665,-19.521665
Pterois volitans,-66.68357849,11.94864706
Pterois volitans,-81.234167,24.586117
Pterois volitans,130.033333,31.4
Pterois volitans,81.203176,8.508009
Pterois volitans,-66.08314991,10.58767929
Pterois volitans,-83.0578167,24.6798
Pterois volitans,-64.60523129,10.2967634
Pterois volitans,72.63,10.55
Pterois volitans,-81.6270833,24.5302833
Pterois volitans,-67.23859459,10.55227638
Pterois volitans,-66.60856,17.90404
Pterois volitans,-151.039916,-16.715257
Pterois volitans,-178.83,-31.35
Pterois volitans,-83.083333,27.483333
Pterois volitans,-64.94318962,10.15348542
Pterois volitans,128.4005556,27.05194444
Pterois volitans,145.6999969,-15.75
Pterois volitans,-67.66479492,11.97484475
Pterois volitans,178.3891602,-18.14416695
Pterois volitans,152.59031,-21.96437
Pterois volitans,-80.27409,25.14832
Pterois volitans,-64.75880384,10.29431439
Pterois volitans,134.2949982,7.047500134
Pterois volitans,-82.7746333,24.7087833
Pterois volitans,-64.75667953,10.26011067
Pterois volitans,-67.23879039,10.55298041
Pterois volitans,-80.34435,25.039467
Pterois volitans,124.251667,24.356667
Pterois volitans,136.59167,-10.558335
Pterois volitans,-83.0381333,24.6179833
Pterois volitans,32.776151,-27.277538
Pterois volitans,138.60222,-15.47639
Pterois volitans,-86.9239,16.1217
Pterois volitans,-66.89369202,11.79443251
Pterois volitans,-64.757967,10.29429328
Pterois volitans,-83.005,24.6573667
Pterois volitans,-81.332583,24.5589
Pterois volitans,153.033,-30.8
Pterois volitans,124.0016632,10.28583336
Pterois volitans,115.859165,-20.66833
Pterois volitans,34.6952,25.4176
Pterois volitans,-67.74410248,10.49658902
Pterois volitans,-80.0845,19.6831
Pterois volitans,132.5,-7.5
Pterois volitans,-83.01354,24.68603
Pterois volitans,34.8612,25.3111
Pterois volitans,-82.9333167,24.6638
Pterois volitans,116.0405,-19.77517
Pterois volitans,-64.7565937,10.29533833
Pterois volitans,-67.20092,18.2335
Pterois volitans,118.629,4.1209
Pterois volitans,113.826,-7.69433
Pterois volitans,-67.23861337,10.55242668
Pterois volitans,121.774,12.8797
Pterois volitans,117.3615,-20.338
Pterois volitans,136.80875,-9.61889
Pterois volitans,-67.25128412,10.55083929
Pterois volitans,159.04666,-29.91333
Pterois volitans,-81.713967,24.49285
Pterois volitans,47.085,-25.035
Pterois volitans,-66.73880786,10.62495776
Pterois volitans,-81.709133,24.50695
Pterois volitans,-80.45069,24.95116
Pterois volitans,-64.75627184,10.29483164
Pterois volitans,159.01999,-29.95333
Pterois volitans,-80.189667,30.342065
Pterois volitans,141.176115,-11.534585
Pterois volitans,94.2726,16.8879
Pterois volitans,28,-32.91669846
Pterois volitans,-83.0139,24.7079833
Pterois volitans,160.583,-8.4
Pterois volitans,117.541665,-19.319165
Pterois volitans,-83.08527,24.65601
Pterois volitans,-80.4551,24.94795
Pterois volitans,116.53333,-20.55
Pterois volitans,-80.13837,25.36215
Pterois volitans,-81.1418167,24.6095667
Pterois volitans,-66.52824,17.89507
Pterois volitans,-83.03035,24.6504
Pterois volitans,147.03,-9.43
Pterois volitans,122.5,15
Pterois volitans,116.55467,-19.79283
Pterois volitans,141.22611,-12.776525
Pterois volitans,146.816,-19.266
Pterois volitans,127.706667,26.089444
Pterois volitans,-82.90485,24.6321833
Pterois volitans,127.884167,26.632222
Pterois volitans,-64.57476139,10.29194981
Pterois volitans,114.88738,-21.48864
Pterois volitans,55.206094,-3.720436
Pterois volitans,-82.80385,24.6816667
Pterois volitans,-67.51684427,10.52246536
Pterois volitans,-67.23851681,10.55177801
Pterois volitans,-68.20694447,10.8447707
Pterois volitans,43.5,-23.33300018
Pterois volitans,-67.27524,18.16517
Pterois volitans,117.928335,-19.719165
Pterois volitans,-67.74483204,10.49633584
Pterois volitans,-80.71726,24.77474
Pterois volitans,-177.878167,-29.24215
Pterois volitans,118.865,-19.6825
Pterois volitans,-67.80899048,10.48080687
Pterois volitans,-82.8668167,24.6583833
Pterois volitans,-76.2257219,25.200399
Pterois volitans,-163.2,-18.05
Pterois volitans,118.615,-19.433335
Pterois volitans,146.75,-19.25
Pterois volitans,117.92,-20.005
Pterois volitans,-64.76103544,10.29104197
Pterois volitans,-177.877889,-29.241639
Pterois volitans,-80.1557,25.4746667
Pterois volitans,128.167,-3.833
Pterois volitans,118.255,-19.474165
Pterois volitans,-81.1315667,24.6185167
Pterois volitans,-81.028754,24.690684
Pterois volitans,34.3391,27.9034
Pterois volitans,-61.3439,15.8772
Pterois volitans,-81.29671,24.56908
Pterois volitans,-80.457933,24.954983
Pterois volitans,128.4513889,27.05611111
Pterois volitans,168.223,-17.5689
Pterois volitans,121.8708,24.5842
Pterois volitans,-81.52083,24.52264
Pterois volitans,116.066,-20.283
Pterois volitans,-82.9246,24.57109
Pterois volitans,-66.06164,10.5805
Pterois volitans,-81.656967,24.4902
Pterois volitans,130.85,30.75
Pterois volitans,-67.27057457,10.54696835
Pterois volitans,-65.32472312,10.89624061
Pterois volitans,-81.6134,24.48834
Pterois volitans,145.45,-14.633
Pterois volitans,106.9850006,10.14500046
Pterois volitans,117.5975,-20.000835
Pterois volitans,-82.8023833,24.6594333
Pterois volitans,-80.1979,25.31273
Pterois volitans,115.884165,-20.099165
Pterois volitans,34.4532,27.9845
Pterois volitans,116.54667,-20.040835
Pterois volitans,-63.97596359,10.44729878
Pterois volitans,-66.8884,17.9362
Pterois volitans,153.566667,-28.35
Pterois volitans,-63.0279,18.2628
Pterois volitans,152.151667,-4.220556
Pterois volitans,-80.138033,25.363233
Pterois volitans,122.0999985,-5.288888931
Pterois volitans,32.75,28.86666679
Pterois volitans,116.65,23.383
Pterois volitans,-64.75101739,10.26806812
Pterois volitans,-67.55827904,10.52502862
Pterois volitans,139.4966667,34.045
Pterois volitans,144.73333,-14.46666
Pterois volitans,-82.9203833,24.6852333
Pterois volitans,34.25,27.7217
Pterois volitans,-82.96262,24.62483
Pterois volitans,116.638335,-19.6125
Pterois volitans,-68.24155121,10.82794626
Pterois volitans,118.1,-19.689165
Pterois volitans,136.809445,-10.71764
Pterois volitans,34.3588,27.9154
Pterois volitans,-81.822333,24.463767
Pterois volitans,125.242,1.45699
Pterois volitans,138.105556,9.458889
Pterois volitans,116.032,-8.33498
Pterois volitans,118.233335,-19.75417
Pterois volitans,117.03611,-1.4472222
Pterois volitans,115.5175,-19.925835
Pterois volitans,133.476115,-7.35014
Pterois volitans,-86.9587,20.5156
Pterois volitans,-67.23858654,10.55235812
Pterois volitans,-64.76180255,10.25111575
Pterois volitans,-80.29257,25.09988
Pterois volitans,-82.99182,24.6774
Pterois volitans,-82.97281,24.61894
Pterois volitans,-67.23862678,10.55271409
Pterois volitans,-81.77235,24.468067
Pterois volitans,-86.9236,16.0735
Pterois volitans,116.353335,-20.01
Pterois volitans,123.367,9.98812
Pterois volitans,-64.38003302,10.39091982
Pterois volitans,-82.93125,24.5821667
Pterois volitans,-83.0603,24.69475
Pterois volitans,116.42583,-20.213335
Pterois volitans,-66.62246704,11.75578125
Pterois volitans,117.466665,-19.875
Pterois volitans,-82.88366,24.71959
Pterois volitans,127.866667,26.5
Pterois volitans,-77.3587222,8.6621388
Pterois volitans,-67.31040001,10.54148357
Pterois volitans,-64.8938333,17.7473333
Pterois volitans,-80.7871,24.73507
Pterois volitans,167.165,-15.523
Pterois volitans,-80.9758,24.69205
Pterois volitans,-80.80164,24.73088
Pterois volitans,72.862,4.09117
Pterois volitans,-81.87256,24.47027
Pterois volitans,-75.7888611,10.1708889
Pterois volitans,127.227509,26.587218
Pterois volitans,-75.5561111,34.8555556
Pterois volitans,-83.09575,24.66322
Pterois volitans,141.32611,-12.635415
Pterois volitans,116.08,-20.540835
Pterois volitans,97.833,1
Pterois volitans,116.09417,-20.525835
Pterois volitans,-67.23968625,10.55177274
Pterois volitans,145.986,-16.9326
Pterois volitans,55,-5
Pterois volitans,-68.19763184,10.79014075
Pterois volitans,-176.616897,0.79044
Pterois volitans,-66.74756527,10.62116157
Pterois volitans,-80.45252,24.95046
Pterois volitans,119.372,11.064
Pterois volitans,-178.433333,-30.231389
Pterois volitans,115.11667,-21.63333
Pterois volitans,-83.0256167,24.6793167
Pterois volitans,-66.61010742,10.62821611
Pterois volitans,145.46899,-14.6926
Pterois volitans,55.481058,-4.734488
Pterois volitans,123.809165,-15.05125
Pterois volitans,-81.45713,24.53346
Pterois volitans,-86.9109,20.6914
Pterois volitans,-66.15593433,10.60758456
Pterois volitans,-80.25503,25.14509
Pterois volitans,145.47501,-14.6626
Pterois volitans,-81.86072,24.45022
Pterois volitans,-82.79432,24.71257
Pterois volitans,-81.4528833,24.5385167
Pterois volitans,116.781665,-19.714165
Pterois volitans,-66.20331,17.92292
Pterois volitans,116.7799988,20.65999985
Pterois volitans,-82.8755333,24.66255
Pterois volitans,134.518889,7.483889
Pterois volitans,102.74,5.90646
Pterois volitans,73.4895,3.94089
Pterois volitans,-66.26217127,10.64877774
Pterois volitans,33.9155,27.3608
Pterois volitans,117.7925,-19.168335
Pterois volitans,-67.23907471,10.56949715
Pterois volitans,-64.75887895,10.29420883
Pterois volitans,-66.07686,10.54488
Pterois volitans,162.2,11.5
Pterois volitans,116.730556,20.611111
Pterois volitans,153.5,-27.03333
Pterois volitans,127.95,26.333333
Pterois volitans,-80.61424,24.90625
Pterois volitans,-82.9462833,24.5951833
Pterois volitans,115.33333,-31.01667
Pterois volitans,-75.914339,23.63449
Pterois volitans,151.283,-33.916
Pterois volitans,117.0125,-20.294165
Pterois volitans,57.5332,-20.0352
Pterois volitans,117.66417,-19.929165
Pterois volitans,34.954661,29.549861
Pterois volitans,118.216665,-19.76667
Pterois volitans,-67.23926246,10.55318609
Pterois volitans,117.08333,-20.08333
Pterois volitans,-82.8884,24.71866
Pterois volitans,165.7916718,-10.69999981
Pterois volitans,-67.27621794,10.54785435
Pterois volitans,117.56333,-20.069165
Pterois volitans,146.85,-19.116667
Pterois volitans,-66.12353325,10.59801437
Pterois volitans,118.583,-20.3
Pterois volitans,-67.21004248,10.55466799
Pterois volitans,-67.37168312,10.53681087
Pterois volitans,-177.9595,-29.233083
Pterois volitans,-80.6278,24.9243
Pterois volitans,-82.92744,24.66551
Pterois volitans,-81.86025,24.45325
Pterois volitans,116.72083,-19.545
Pterois volitans,151.3,-33.75
Pterois volitans,-82.89432,24.5891
Pterois volitans,120.7600021,21.95999908
Pterois volitans,117.12083,-19.646665
Pterois volitans,-82.96134,24.5686
Pterois volitans,-83.06645,24.61655
Pterois volitans,165.8000031,-10.82499981
Pterois volitans,-67.18472242,10.55576491
Pterois volitans,90,15
Pterois volitans,127.68361,-12.39167
Pterois volitans,130.186111,30.489167
Pterois volitans,-82.8019333,24.6300333
Pterois volitans,-76.898,34.499
Pterois volitans,-67.25120366,10.55080237
Pterois volitans,-80.41005,24.99135
Pterois volitans,-64.75172281,10.30596814
Pterois volitans,169.615995,5.83668
Pterois volitans,-66.89523697,11.79283615
Pterois volitans,-81.3446,24.5602
Pterois volitans,134.5398333,7.266944444
Pterois volitans,-66.74040914,10.62504212
Pterois volitans,34.9115,29.4977
Pterois volitans,167.5,-17.5
Pterois volitans,33.9933,26.8102
Pterois volitans,-80.4733667,24.9377167
Pterois volitans,-82.99313,24.67472
Pterois volitans,-65.2773,18.27587
Pterois volitans,153.3,-28.1
Pterois volitans,-68.22509766,10.92501142
Pterois volitans,153.56666,-28.35
Pterois volitans,115.593,-8.27535
Pterois volitans,-67.23941803,10.55245304
Pterois volitans,134.4888916,7.29777813
Pterois volitans,121.437955,13.750015
Pterois volitans,-82.8564333,24.6401667
Pterois volitans,-64.7546947,10.29687952
Pterois volitans,-81.3474,19.2678
Pterois volitans,114.17,-21.7701
Pterois volitans,139.95889,-15.242915
Pterois volitans,108.958333,10.4875
Pterois volitans,127.9425,-12.925975
Pterois volitans,-83.0026167,24.6707167
Pterois volitans,32.75,28.86700058
Pterois volitans,-178.82604,-31.42093
Pterois volitans,-82.83958,24.68687
Pterois volitans,-80.2014833,25.22865
Pterois volitans,-81.3836,19.2986
Pterois volitans,-64.795,17.7802
Pterois volitans,33.9208,27.8133
Pterois volitans,126.483333,26.333333
Pterois volitans,153.53333,-27.43333
Pterois volitans,-82.8184,24.62425
Pterois volitans,-66.81747437,11.85391119
Pterois volitans,-65.30754089,10.87376774
Pterois volitans,27.89999962,-32.96670151
Pterois volitans,120.39,24.83
Pterois volitans,127.6833267,0.883333325
Pterois volitans,138.0722198,9.523611069
Pterois volitans,124.766,1.60757
Pterois volitans,39.3364,-5.84439
Pterois volitans,133.450835,-7.775835
Pterois volitans,-81.4205,19.3779
Pterois volitans,125.23542,-13.75014
Pterois volitans,132.10139,-10.618055
Pterois volitans,-81.6275,24.5302167
Pterois volitans,-67.23928928,10.55154597
Pterois volitans,105.66667,-10.5
Pterois volitans,145.463,-14.6833
Pterois volitans,118.632,4.24892
Pterois volitans,-160.008099,-0.369308
Pterois volitans,-83.06251,24.67817
Pterois volitans,-64.76015568,10.29405049
Pterois volitans,-67.23911762,10.55325464
Pterois volitans,-82.77027,24.6908
Pterois volitans,-83.05814,24.67996
Pterois volitans,-61.291,15.8712
Pterois volitans,-64.5768857,10.29278375
Pterois volitans,-86.7369,21.1275
Pterois volitans,-81.2252,24.59557
Pterois volitans,-71.7979,21.694
Pterois volitans,55.6,-20.867
Pterois volitans,-81.03411,24.64578
Pterois volitans,117.93333,-19.091665
Pterois volitans,114,-22
Pterois volitans,118.71583,-19.58083
Pterois volitans,121.905,11.9686
Pterois volitans,130.883333,30.483333
Pterois volitans,-67.59704857,10.50713158
Pterois volitans,-81.3946,19.323
Pterois volitans,107.775,8.215
Pterois volitans,120.976,13.5248
Pterois volitans,116.425,-20.26417
Pterois volitans,-80.44248,24.97112
Pterois volitans,-82.78411,24.723
Pterois volitans,37.90620041,-0.023559101
Pterois volitans,-80.54875,24.88726
Pterois volitans,57.5872,-19.982
Pterois volitans,-82.9333667,24.6638333
Pterois volitans,-67.29312122,10.54503814
Pterois volitans,-67.94958115,10.48663033
Pterois volitans,34.5187,28.4989
Pterois volitans,-63.75597954,11.22159445
Pterois volitans,134.288611,7.044722
Pterois volitans,-67.48631001,10.53131198
Pterois volitans,-63.97613525,11.09397151
Pterois volitans,115.895,-19.9425
Pterois volitans,34.973,29.43
Pterois volitans,-83.0487,24.57748
Pterois volitans,73.5346,4.24139
Pterois volitans,34.3358,27.9153
Pterois volitans,-81.39045,24.6159667
Pterois volitans,36.88330078,-17.85000038
Pterois volitans,-64.75818157,10.29397659
Pterois volitans,29.14999962,-31.9666996
Pterois volitans,116.9625,-20.12167
Pterois volitans,141.341665,-12.22528
Pterois volitans,-67.59925871,10.50924136
Pterois volitans,-67.40167558,10.53448505
Pterois volitans,-67.23904252,10.55310171
Pterois volitans,-83.08522,24.65571
Pterois volitans,-66.0806179,10.54262272
Pterois volitans,-64.75650787,10.30749872
Pterois volitans,115,-8
Pterois volitans,-80.3425,25.03815
Pterois volitans,131.7401833,2.874483333
Pterois volitans,-67.18406796,10.5559653
Pterois volitans,106.74,8.69912
Pterois volitans,162.175,11.665
Pterois volitans,34.4285,27.9735
Pterois volitans,145.47099,-14.6587
Pterois volitans,-96.85529,26.18039
Pterois volitans,145.8050995,-15.64817047
Pterois volitans,-80.2633,25.1480333
Pterois volitans,121.916,-14.166
Pterois volitans,-83.09585,24.66305
Pterois volitans,151.283,-33.816
Pterois volitans,-64.76101398,10.25031337
Pterois volitans,115.75,-20.2
Pterois volitans,98.0983,9.33932
Pterois volitans,115.255835,-20.1575
Pterois volitans,-64.75394368,10.2974601
Pterois volitans,-69.80334967,11.94397088
Pterois volitans,116.79236,-19.909445
Pterois volitans,-65.36321282,10.90716563
Pterois volitans,-81.1739,19.368
Pterois volitans,118.670835,-19.518335
Pterois volitans,-64.7599411,10.2938077
Pterois volitans,-64.75908279,10.29431439
Pterois volitans,-81.88186,24.45143
Pterois volitans,43.51666641,-23.33333397
Pterois volitans,131.133335,-10.61833
Pterois volitans,57.58333206,-20.33333397
Pterois volitans,145.700457,15.157116
Pterois volitans,-82.92325,24.6510167
Pterois volitans,159.04666,-29.96166
Pterois volitans,-67.25297,18.17202
Pterois volitans,130.702,-0.419
Pterois volitans,118.46417,-19.7025
Pterois volitans,-64.27277952,10.58407512
Pterois volitans,116.1935,-20.1075
Pterois volitans,-80.37329,25.01128
Pterois volitans,137.47736,-8.626525
Pterois volitans,-67.29061604,10.54582921
Pterois volitans,136.134585,-8.2175
Pterois volitans,-76.9745,34.5357
Pterois volitans,134.71083,-7.30833
Pterois volitans,151.266,-33.833
Pterois volitans,116.1833333,-19.7
Pterois volitans,168.73608,4.586071
Pterois volitans,-80.96441,24.66697
Pterois volitans,-64.7510469,10.26801797
Pterois volitans,-80.144274,25.407486
Pterois volitans,116.98333,-19.920835
Pterois volitans,-64.7635,17.7281944
Pterois volitans,136.30083,-8.833335
Pterois volitans,-67.9939127,10.49097674
Pterois volitans,-67.74416149,10.49673144
Pterois volitans,117.34167,-20.105
Pterois volitans,-81.69893,24.51618
Pterois volitans,144.733333,-14.466667
Pterois volitans,-67.73282111,10.49946369
Pterois volitans,145.750067,15.245369
Pterois volitans,-66.74797028,10.61733766
Pterois volitans,115.514,-8.53005
Pterois volitans,-80.79979,24.73143
Pterois volitans,-68.22509766,10.85151445
Pterois volitans,-61.3371,15.8703
Pterois volitans,-81.10802,24.62638
Pterois volitans,-65.42199612,10.92232513
Pterois volitans,-82.9977333,24.6680667
Pterois volitans,-82.93158,24.6623
Pterois volitans,116.555,-19.799165
Pterois volitans,123.3099976,9.312000275
Pterois volitans,134.5797272,7.345832825
Pterois volitans,-81.44388,24.58481
Pterois volitans,118.15,-19.53333
Pterois volitans,145.85,-5.16667
Pterois volitans,-82.9746,24.57848
Pterois volitans,-64.75978017,10.29417188
Pterois volitans,-81.35944,24.55384
Pterois volitans,127.882778,26.505
Pterois volitans,33.8835,27.1412
Pterois volitans,-69.128688,12.267288
Pterois volitans,-83.03093,24.67968
Pterois volitans,34.5127,28.4773
Pterois volitans,-68.9549,18.3727
Pterois volitans,-67.90009975,10.47162838
Pterois volitans,-81.7231,24.48726
Pterois volitans,137.00153,-10.275
Pterois volitans,138.7,-10.884025
Pterois volitans,-74.24154,11.21915
Pterois volitans,-69.5798,18.4319
Pterois volitans,-172.10645,-13.861833
Pterois volitans,39.440194,-6.129071
Pterois volitans,-68.2364,10.8341
Pterois volitans,-67.31745958,10.54154685
Pterois volitans,-66.6919899,11.95351733
Pterois volitans,55.41445,-4.611156
Pterois volitans,73.05,8.269
Pterois volitans,-80.75533,24.76361
Pterois volitans,-81.332417,24.558933
Pterois volitans,117.0361099,-1.447222233
Pterois volitans,165.83,-10.825
Pterois volitans,-81.73396,12.50236
Pterois volitans,-83.0889833,24.6130833
Pterois volitans,116.459445,-19.883335
Pterois volitans,123.799,9.59869
Pterois volitans,153.542611,-27.429409
Pterois volitans,-76.2022778,9.3714444
Pterois volitans,114.03333,-28.88333
Pterois volitans,-66.4349243,10.62639186
Pterois volitans,-81.48145,24.563733
Pterois volitans,-77.9178,18.4744
Pterois volitans,-83.0665,24.6164833
Pterois volitans,-68.3377,12.2154
Pterois volitans,153.166667,-27.433333
Pterois volitans,-64.75103617,10.26803909
Pterois volitans,33.8322,27.1219
Pterois volitans,73.465536,5.552221
Pterois volitans,-67.23951459,10.55223682
Pterois volitans,-81.405056,13.362722
Pterois volitans,-67.23870544,10.55306878
Pterois volitans,145.506,-14.7449
Pterois volitans,-74.1169444,11.3313611
Pterois volitans,137.742365,-14.885
Pterois volitans,-81.140517,24.615533
Pterois volitans,39.25,-6.666667
Pterois volitans,-80.302883,25.1072
Pterois volitans,-77.5342,24.9707
Pterois volitans,136.39236,-9.60833
Pterois volitans,-82.7740167,24.7072167
Pterois volitans,-83.0142,24.6869167
Pterois volitans,116.61667,-20.46667
Pterois volitans,130.1725,31.419167
Pterois volitans,-64.76037025,10.30900818
Pterois volitans,127.772778,26.444167
Pterois volitans,116.455835,-19.79583
Pterois volitans,153.433333,-27.4
Pterois volitans,-82.9877667,24.6990333
Pterois volitans,-81.335533,24.56005
Pterois volitans,106.743,8.68574
Pterois volitans,-69.614,18.4378
Pterois volitans,121.026469,13.50978
Pterois volitans,134.5025024,7.315833092
Pterois volitans,-68.18664551,10.85758369
Pterois volitans,-81.7333333,12.5004167
Pterois volitans,-66.87462507,10.61282697
Pterois volitans,113.251373,23.1112
Pterois volitans,-68.8361,18.3424
Pterois volitans,151.075728,-8.646468
Pterois volitans,179.038,-16.2856667
Pterois volitans,146.833,-19.166
Pterois volitans,-79.8506925,15.8041408
Pterois volitans,-63.75306129,11.2031984
Pterois volitans,-75.1651,19.8984
Pterois volitans,113.7045,-22.80438
Pterois volitans,145.453,-14.6601
Pterois volitans,33.8633,27.0883
Pterois volitans,34.8814,25.2282
Pterois volitans,39.3697,-4.71917
Pterois volitans,-81.41918,24.54652
Pterois volitans,-80.86994,24.70409
Pterois volitans,-82.7761333,24.66105
Pterois volitans,-64.75069284,10.30649593
Pterois volitans,39,20
Pterois volitans,142.21667,-10.58333
Pterois volitans,-83.06132,24.6081
Pterois volitans,116.45917,-20.0925
Pterois volitans,120.038,11.9463
Pterois volitans,-81.3957,19.3537
Pterois volitans,-66.52665854,10.62939713
Pterois volitans,-67.30155945,10.54519636
Pterois volitans,-67.74475425,10.49662858
Pterois volitans,125.6330032,-10.16699982
Pterois volitans,34.3277,27.9078
Pterois volitans,-81.47005,24.53875
Pterois volitans,-64.21035916,10.93468183
Pterois volitans,72.8603,4.07867
Pterois volitans,-67.13195801,10.57692201
Pterois volitans,116.38,-20.028335
Pterois volitans,-83.0051333,24.6572667
Pterois volitans,-79.9966,26.7776
Pterois volitans,137.000555,-10.735
Pterois volitans,43.51699829,-23.33300018
Pterois volitans,118.1225,-19.334165
Pterois volitans,135.316667,33.666667
Pterois volitans,-65.41856289,10.92277812
Pterois volitans,118.354165,-19.490835
Pterois volitans,-66.87623172,10.61055972
Pterois volitans,-81.373,19.2645
Pterois volitans,120.188,12.0772
Pterois volitans,162.367283,11.400421
Pterois volitans,138.160278,9.508056
Pterois volitans,-68.2362,10.8341
Pterois volitans,-81.860433,24.442233
Pterois volitans,-68.24707031,10.86432715
Pterois volitans,-83.0205667,24.63875
Pterois volitans,122,10
Pterois volitans,-67.73672104,10.49321323
Pterois volitans,106.75,-6
Pterois volitans,-64.60643291,10.29017636
Pterois volitans,118.473335,-19.541665
Pterois volitans,-66.05434299,10.56311627
Pterois volitans,128.437778,27.019722
Pterois volitans,-179.87832,-29.23966
Pterois volitans,140.335695,-17.325695
Pterois volitans,-64.7635,17.7282
Pterois volitans,-81.850767,24.4538
Pterois volitans,-80.68635,24.798333
Pterois volitans,79.83333588,11.98333359
Pterois volitans,-68.25999856,10.93000467
Pterois volitans,-177.88177,-29.24666
Pterois volitans,118.835,9.95412
Pterois volitans,-66.69456482,11.95872339
Pterois volitans,119.251115,-19.034305
Pterois volitans,-64.75590706,10.29963464
Pterois volitans,-66.87532425,10.61480286
Pterois volitans,178.430157,-18.166425
Pterois volitans,-67.2384578,10.55188876
Pterois volitans,115.753335,-20.143335
Pterois volitans,-82.87376,24.6692
Pterois volitans,-80.63126,24.83684
Pterois volitans,27.95000076,-33
Pterois volitans,-83.10313,24.64016
Pterois volitans,-81.9054,24.4533
Pterois volitans,-63.76567841,11.21511176
Pterois volitans,116.716667,-20.65
Pterois volitans,124.256111,24.38
Pterois volitans,115.9083333,-20.35
Pterois volitans,-81.9420333,24.4419
Pterois volitans,-67.27367,18.16304
Pterois volitans,-177.9,-29.28
Pterois volitans,117.884165,-19.829165
Pterois volitans,-64.56175804,10.30520813
Pterois volitans,-66.67602539,11.95872339
Pterois volitans,141.359445,-12.35931
Pterois volitans,43.517,-23.333
Pterois volitans,-81.4171,19.3827
Pterois volitans,-80.67367,24.80915
Pterois volitans,117.22417,-20.326665
Pterois volitans,-64.75865364,10.30740372
Pterois volitans,31,-29.88330078
Pterois volitans,-82.98332,24.72103
Pterois volitans,6.46667,43.05
Pterois volitans,120.826,13.6995
Pterois volitans,145.446,-14.6639
Pterois volitans,-76.3391,34.1368
Pterois volitans,-65.80192566,10.65520955
Pterois volitans,-67.80688763,10.48110227
Pterois volitans,117.73333,-19.7
Pterois volitans,72.7663,3.98627
Pterois volitans,-67.23851681,10.55170945
Pterois volitans,31.23329926,-29.5
Pterois volitans,109.295,12.1829
Pterois volitans,32.75,28.867
Pterois volitans,-80.2931833,25.1477833
Pterois volitans,-64.76092815,10.25310056
Pterois volitans,-80.1937,25.2372333
Pterois volitans,134.98556,-8.843335
Pterois volitans,34.9694,29.4423
Pterois volitans,-82.9433667,24.6582167
Pterois volitans,-81.22165,24.590967
Pterois volitans,-64.75944757,10.29034526
Pterois volitans,-64.7574,32.3214
Pterois volitans,-81.61196,24.49999
Pterois volitans,123.683,9.51246
Pterois volitans,-81.72002,24.49168
Pterois volitans,34.041,26.6555
Pterois volitans,98,-12
Pterois volitans,-67.21407652,10.55251633
Pterois volitans,-82.9284,24.55088
Pterois volitans,118.359165,-19.726665
Pterois volitans,-81.57385,24.506217
Pterois volitans,-80.17883,25.26487
Pterois volitans,116.601945,-19.559305
Pterois volitans,-80.922083,24.685383
Pterois volitans,153.533,-28.166
Pterois volitans,-66.52838,17.89502
Pterois volitans,-68.01260501,10.47686912
Pterois volitans,131,30.75
Pterois volitans,151.716665,-22.076805
Pterois volitans,-80.45377,24.95123
Pterois volitans,-68.2371,12.0281
Pterois volitans,33.9535,27.1399
Pterois volitans,-68.19213867,10.79014075
Pterois volitans,-82.9952,24.6982667
Pterois volitans,-86.5015,16.355
Pterois volitans,116.401665,-20.13
Pterois volitans,-82.88388,24.71119
Pterois volitans,-170.60717,-14.27779
Pterois volitans,72.72,11.11
Pterois volitans,146.08333,-16.71667
Pterois volitans,152.733,-31.416
Pterois volitans,117.823335,-19.585835
Pterois volitans,34.4714,28.0059
Pterois volitans,-82.9654,24.62957
Pterois volitans,134.53533,7.99239
Pterois volitans,-67.29638815,10.54348763
Pterois volitans,33.9833,26.8167
Pterois volitans,144.4541626,7.248610973
Pterois volitans,-83.02104,24.64002
Pterois volitans,-64.56463337,10.30470145
Pterois volitans,153.383,-29.367
Pterois volitans,-64.76131439,10.29059861
Pterois volitans,57.583,-20.333
Pterois volitans,153.57632,-28.3615
Pterois volitans,-82.85211,24.6625
Pterois volitans,145.844,-16.1026
Pterois volitans,-67.93093443,10.46282943
Pterois volitans,-64.75022614,10.26764848
Pterois volitans,115.594,-8.277
Pterois volitans,-81.3758833,24.55045
Pterois volitans,-67.98425226,10.48568484
Pterois volitans,-68.24442565,10.72947923
Pterois volitans,55.3973,-4.69772
Pterois volitans,-65.25478721,10.89276391
Pterois volitans,146.264712,-16.895802
Pterois volitans,-81.12829,24.61773
Pterois volitans,43.257222,-11.650556
Pterois volitans,117.82083,-19.753335
Pterois volitans,-81.86018,24.4499
Pterois volitans,-82.9336,24.6950167
Pterois volitans,137.00833,-10.73333
Pterois volitans,145.448,-14.683
Pterois volitans,30.73329926,-30.26670074
Pterois volitans,72.15,10.86
Pterois volitans,-77.3446666,8.639
Pterois volitans,-82.85366,24.66156
Pterois volitans,129.466667,31.2
Pterois volitans,-82.94767,24.63213
Pterois volitans,-83.00645,24.70028
Pterois volitans,-86.8459,21.159
Pterois volitans,115.015,-20.59
Pterois volitans,-68.15917969,10.66060795
Pterois volitans,-66.74829483,10.62104558
Pterois volitans,-81.8958306,12.1649972
Pterois volitans,-149.557054,-17.521956
Pterois volitans,114.929165,-20.414165
Pterois volitans,-80.20248,25.21583
Pterois volitans,116.79,-19.6175
Pterois volitans,125.3294465,-8.58463467
Pterois volitans,-63.38012695,15.40072782
Pterois volitans,113.783,-28.5
Pterois volitans,-67.2386536,10.55180702
Pterois volitans,-64.68586922,10.30322364
Pterois volitans,-67.74291158,10.49673671
Pterois volitans,-82.8712,24.69703
Pterois volitans,-63.73311191,11.188531
Pterois volitans,128.4,27.035833
Pterois volitans,-74.1119444,11.3392777
Pterois volitans,117.36,-20.3325
Pterois volitans,129.315,-10.117
Pterois volitans,137.13403,-10.63389
Pterois volitans,116.59583,-20.05167
Pterois volitans,-80.079181,26.202441
Pterois volitans,117.731665,-20.019165
Pterois volitans,120.82691,13.68819
Pterois volitans,-80.55423,24.94223
Pterois volitans,-80.96407,24.6672
Pterois volitans,73.62,10.07
Pterois volitans,34.4603,27.9906
Pterois volitans,-81.8833,24.448267
Pterois volitans,134.5188904,7.483889103
Pterois volitans,-67.81916142,10.484014
Pterois volitans,-66.21401,17.91544
Pterois volitans,-66.8590486,10.61813514
Pterois volitans,-81.1018,24.62532
Pterois volitans,34.5238,28.5574
Pterois volitans,-66.2351118,10.6519071
Pterois volitans,-82.78785,24.72367
Pterois volitans,115.98333,-20.645
Pterois volitans,128.1000061,-3.799999952
Pterois volitans,39.7511,-3.99784
Pterois volitans,146.81666,-19.18333
Pterois volitans,118.708,4.17761
Pterois volitans,-74.19433,11.26672
Pterois volitans,73.0071,4.32022
Pterois volitans,116.06667,-20.28333
Pterois volitans,-81.51972,24.52302
Pterois volitans,-82.8611,24.6959833
Pterois volitans,-64.60557461,10.29452551
Pterois volitans,-66.88443303,10.61250399
Pterois volitans,-81.749367,24.469367
Pterois volitans,119.41667,-19.11667
Pterois volitans,153.366,-29.416
Pterois volitans,72.7274,3.88565
Pterois volitans,-74.5455,24.0648
Pterois volitans,-81.347,13.355
Pterois volitans,-82.99144,24.67719
Pterois volitans,117.328335,-19.795
Pterois volitans,-80.354317,25.029467
Pterois volitans,29.9012,31.1978
Pterois volitans,31.238768,-29.505929
Pterois volitans,-67.74316907,10.49850899
Pterois volitans,116.876665,-19.8625
Pterois volitans,-81.3892,19.336
Pterois volitans,-114.083333,51.05
Pterois volitans,-64.75649714,10.29504276
Pterois volitans,-64.75813866,10.29393965
Pterois volitans,-86.9782,16.103
Pterois volitans,34.1086,26.6531
Pterois volitans,-77.3375,8.64026
Pterois volitans,-81.8725667,24.4798333
Pterois volitans,98.3751,7.59967
Pterois volitans,-81.380433,24.57065
Pterois volitans,-80.092333,25.5757
Pterois volitans,-178.56971,-30.53494
Pterois volitans,-66.74125671,10.62484176
Pterois volitans,151.91666,-23.45
Pterois volitans,178.094,-18.3754
Pterois volitans,-81.850717,24.453717
Pterois volitans,-82.99035,24.68165
Pterois volitans,117.869165,-19.97333
Pterois volitans,151.25,-33.85
Pterois volitans,98.767,7.657
Pterois volitans,-64.49884415,10.36625676
Pterois volitans,-83.0783667,24.6131667
Pterois volitans,34.8949,29.4926
Pterois volitans,-65.79711914,10.66060795
Pterois volitans,118.2275,-19.95833
Pterois volitans,117.928335,-19.69917
Pterois volitans,-67.14817733,10.56710565
Pterois volitans,-80.2347,25.1654
Pterois volitans,127.7125,26.435556
Pterois volitans,-81.3218,19.3829
Pterois volitans,-68.23626101,10.83447039
Pterois volitans,116.79833,-19.628335
Pterois volitans,-66.7466104,10.61808505
Pterois volitans,117.66167,-20.00583
Pterois volitans,73.2207,3.20278
Pterois volitans,125.5,-8.55672
Pterois volitans,116.792915,-19.942635
Pterois volitans,118.03333,-19.833335
Pterois volitans,117.9,-19.99333
Pterois volitans,145.5,-14.66666667
Pterois volitans,-66.85896277,10.61920547
Pterois volitans,166.3999939,-72.43499756
Pterois volitans,129.373535,-2.750376
Pterois volitans,117.081665,-19.75
Pterois volitans,-66.70417786,11.76418416
Pterois volitans,33.8729,27.5576
Pterois volitans,124.765,1.60122
Pterois volitans,178.107,-18.3698
Pterois volitans,34.2585,27.7252
Pterois volitans,-67.51356125,10.52334088
Pterois volitans,151.133,-34.066
Pterois volitans,-69.85093206,12.05246384
Pterois volitans,-81.35929,24.55397
Pterois volitans,117.91833,-20.178335
Pterois volitans,117.7375,-20.071665
Pterois volitans,118.8025,-19.67083
Pterois volitans,-72.2047,21.804
Pterois volitans,-64.75507021,10.26260218
Pterois volitans,118.03333,-19.80833
Pterois volitans,130.60139,-10.950835
Pterois volitans,138.867915,-10.159445
Pterois volitans,142.192222,27.063333
Pterois volitans,133.109445,-9.910555
Pterois volitans,-68.2112,10.8801
Pterois volitans,-64.7501564,10.30740372
Pterois volitans,-74.1283611,11.3256111
Pterois volitans,-81.4549333,24.58
Pterois volitans,-67.51098633,10.52568261
Pterois volitans,-64.9164319,10.14283995
Pterois volitans,33.8257,27.3047
Pterois volitans,-64.76037025,10.2503556
Pterois volitans,-67.23907471,10.55207861
Pterois volitans,-81.77785,24.46767
Pterois volitans,123.0833,9.0333
Pterois volitans,-63.12295227,11.36194008
Pterois volitans,-83.0420667,24.63875
Pterois volitans,33.9789,27.1586
Pterois volitans,-67.344215,10.541332
Pterois volitans,-82.9610667,24.5679333
Pterois volitans,134.518333,7.286944
Pterois volitans,-81.41769,24.54006
Pterois volitans,135.359865,-10.66861
Pterois volitans,-64.76088524,10.25054564
Pterois volitans,-177.878,-29.242
Pterois volitans,-82.92742,24.58228
Pterois volitans,114.371,10.376
Pterois volitans,-67.23945022,10.55151432
Pterois volitans,34.2625,27.7921
Pterois volitans,-66.03881836,10.83330598
Pterois volitans,-68.7863,18.2302
Pterois volitans,-81.58886,24.55422
Pterois volitans,-63.91828537,11.14892956
Pterois volitans,140.32,30.475
Pterois volitans,27.89999962,-33
Pterois volitans,-68.2738924,10.81117615
Pterois volitans,-80.01305,26.753967
Pterois volitans,-87.9433,18.0016
Pterois volitans,117.09833,-19.625835
Pterois volitans,118.916665,-19.4825
Pterois volitans,-82.9382,24.6585667
Pterois volitans,117.930835,-19.904165
Pterois volitans,116.81833,-20.25167
Pterois volitans,-68.2935,12.1798
Pterois volitans,55.736147,-4.290967
Pterois volitans,73.5361,1.97725
Pterois volitans,-82.9276833,24.6690833
Pterois volitans,-65.2725,10.9897
Pterois volitans,178.5,-18.70000076
Pterois volitans,128.4,27.03333333
Pterois volitans,-80.61781,24.9046
Pterois volitans,-81.3761333,24.5508167
Pterois volitans,-64.59890127,10.29596114
Pterois volitans,-67.28791237,10.54739026
Pterois volitans,33.9849,26.8251
Pterois volitans,-67.1163538,10.57528072
Pterois volitans,-81.13717,24.61518
Pterois volitans,43.248641,-11.696886
Pterois volitans,39.333333,-6.866667
Pterois volitans,-177.89,-29.25
Pterois volitans,132.933889,32.782778
Pterois volitans,-68.24616373,10.72793757
Pterois volitans,131.7556,2.7989
Pterois volitans,140.833333,-17.483333
Pterois volitans,-82.96103,24.62572
Pterois volitans,92.9767,12.0071
Pterois volitans,-81.80087,24.47073
Pterois volitans,116.072,-8.36212
Pterois volitans,137.593475,-14.89264
Pterois volitans,118.692,4.20363
Pterois volitans,34.521,28.5549
Pterois volitans,145.3958333,-15.69194444
Pterois volitans,-67.23843634,10.55188348
Pterois volitans,-82.9232833,24.6804167
Pterois volitans,-67.25516796,10.54928881
Pterois volitans,-82.9200333,24.6852333
Pterois volitans,33.9562,27.169
Pterois volitans,33.9303,27.5813
Pterois volitans,145.23333,-15.45
Pterois volitans,32.71670151,-26.14999962
Pterois volitans,-64.75590706,10.29969797
Pterois volitans,109.313,12.1714
Pterois volitans,178.4003296,-18.1639328
Pterois volitans,-80.505967,29.911167
Pterois volitans,116.029,5.9934
Pterois volitans,145.966,-16.766
Pterois volitans,-66.87733054,10.61023674
Pterois volitans,-82.90747,24.63409
Pterois volitans,-68.20896149,10.8385326
Pterois volitans,33.8356,27.2697
Pterois volitans,34.1894,26.2778
Pterois volitans,134.638889,7.577222
Pterois volitans,-69.1506,12.318
Pterois volitans,43.5,-23.333
Pterois volitans,-70.0609,12.4655
Pterois volitans,73.45,5.55
Pterois volitans,167.09166,-9.866
Pterois volitans,125.633,-10.167
Pterois volitans,-66.73027039,11.88482156
Pterois volitans,98.8969,7.43321
Pterois volitans,47,-25.18300056
Pterois volitans,125.242,1.49678
Pterois volitans,-67.23898888,10.55238185
Pterois volitans,-82.8516667,24.6382333
Pterois volitans,116.6500015,23.38333321
Pterois volitans,134.57525,7.35669
Pterois volitans,34.4197,25.8689
Pterois volitans,144.45,7.250556
Pterois volitans,-67.13745117,10.67140447
Pterois volitans,-68.2894,12.1734
Pterois volitans,122,-5.288888931
Pterois volitans,-64.75813329,10.29398187
Pterois volitans,-82.83127,24.72269
Pterois volitans,-66.69181824,11.95334939
Pterois volitans,-81.52317,24.52218
Pterois volitans,117.365,-20.190835
Pterois volitans,79.83300018,11.9829998
Pterois volitans,144.4499969,7.250555992
Pterois volitans,-80.19945,25.2309667
Pterois volitans,-178.440556,-30.228389
Pterois volitans,-78.4983333,27.22
Pterois volitans,-83.02019,24.67841
Pterois volitans,-87.2268,20.4865
Pterois volitans,116.71667,-20.65
Pterois volitans,-80.0752,26.1562
Pterois volitans,127.739,26.3597
Pterois volitans,102.686,5.8703
Pterois volitans,-177.878528,-29.243
Pterois volitans,-66.89609528,11.79207998
Pterois volitans,115.1500015,-8.75
Pterois volitans,106.617,-5.75
Pterois volitans,-86.8661,20.8421
Pterois volitans,-169.62435,-14.16373
Pterois volitans,118.309305,-19.066665
Pterois volitans,-82.9719333,24.5838
Pterois volitans,-82.95252,24.57776
Pterois volitans,151.283,-33.883
Pterois volitans,-82.7945,24.7129167
Pterois volitans,118.83583,-19.509165
Pterois volitans,130.96,-10.98403
Pterois volitans,145.582,-14.6648
Pterois volitans,39.25,-6.866667
Pterois volitans,57.775594,-20.444188
Pterois volitans,42.83300018,11.83300018
Pterois volitans,-67.46751308,10.536948
Pterois volitans,-77.553,33.961
Pterois volitans,118.18333,-19.55
Pterois volitans,153.4,-29.35
Pterois volitans,-67.24731445,10.5526218
Pterois volitans,118.178335,-20.0725
Pterois volitans,-67.99138069,10.49405718
Pterois volitans,-67.23891914,10.55261125
Pterois volitans,141.318055,-12.83514
Pterois volitans,-80.178442,25.279494
Pterois volitans,128.1666718,-3.833333254
Pterois volitans,-67.23306656,10.55506878
Pterois volitans,116.415,-20.29583
Pterois volitans,34.3481,27.9082
Pterois volitans,32.70000076,-27.31669998
Pterois volitans,-80.121267,25.431367
Pterois volitans,-66.70040131,11.96073862
Pterois volitans,113.76667,-28.48333
Pterois volitans,-67.82486916,10.48342322
Pterois volitans,-82.99155,24.6774333
Pterois volitans,-64.75635231,10.2993549
Pterois volitans,33.9086,27.2243
Pterois volitans,113.742,4.22905
Pterois volitans,73.4905,1.82188
Pterois volitans,125.5932083,-8.29268955
Pterois volitans,151.46667,-21.03333
Pterois volitans,117.044165,-19.704165
Pterois volitans,-81.8656,24.4569667
Pterois volitans,-66.24744,10.6524
Pterois volitans,79.8167,11.7167
Pterois volitans,-83.03505,24.67765
Pterois volitans,136.30028,-9.152085
Pterois volitans,-80.13772,25.37613
Pterois volitans,-81.63383,24.4956
Pterois volitans,-80.170883,25.329167
Pterois volitans,113.72,4.2674
Pterois volitans,34.3387,27.9128
Pterois volitans,-82.95475,24.56501
Pterois volitans,79.9367,11.9033
Pterois volitans,-82.7916,24.73307
Pterois volitans,152.98444,-21.91804
Pterois volitans,47,-25.18333244
Pterois volitans,117.749165,-19.979165
Pterois volitans,-67.24096298,10.55114517
Pterois volitans,117.873335,-19.976665
Pterois volitans,142.216667,-10.583333
Pterois volitans,18.0944,42.6507
Pterois volitans,-68.19625854,10.79148976
Pterois volitans,-64.76016641,10.29399243
Pterois volitans,-82.91083,24.60206
Pterois volitans,-86.9343,20.6962
Pterois volitans,33.8567,27.0905
Pterois volitans,115.514,-8.52967
Pterois volitans,120.4700012,22.44000053
Pterois volitans,-81.5719667,24.5229667
Pterois volitans,113.18333,-26.16667
Pterois volitans,-81.7553,24.4634
Pterois volitans,-61.3367,15.8809
Pterois volitans,-64.75620747,10.29483164
Pterois volitans,-67.23928928,10.55295404
Pterois volitans,-67.21000493,10.55552232
Pterois volitans,-81.5245333,24.5219167
Pterois volitans,-63.0646,18.0155
Pterois volitans,114.361,10.381
Pterois volitans,152.1516724,-4.220555782
Pterois volitans,118.2145,-19.89817
Pterois volitans,118.15,-19.258335
Pterois volitans,153.43333,-27.4
Pterois volitans,34.2567,27.7667
Pterois volitans,118.265,-19.951665
Pterois volitans,-82.9414333,24.5949833
Pterois volitans,-66.65267944,11.88414963
Pterois volitans,-81.75449,24.46105
Pterois volitans,-64.75586414,10.29600337
Pterois volitans,-177.902861,-29.282361
Pterois volitans,144.4502716,7.251389027
Pterois volitans,-81.29708,24.56911
Pterois volitans,-79.8389,19.7127
Pterois volitans,140.01667,-12.984165
Pterois volitans,139.459725,-11.0025
Pterois volitans,122.96667,-12.2
Pterois volitans,118.610835,-19.438335
Pterois volitans,-66.69190407,11.95376924
Pterois volitans,-64.75590706,10.29929685
Pterois volitans,166.869945,-15.14146
Pterois volitans,134.6388855,7.57722187
Pterois volitans,-66.15966797,10.63901378
Pterois volitans,-82.92471,24.57108
Pterois volitans,-63.1163,18.2685
Pterois volitans,-64.49163437,10.36220411
Pterois volitans,159.348,-31.794165
Pterois volitans,-67.23913372,10.55327047
Pterois volitans,129.496389,28.398333
Pterois volitans,139.95847,-14.71889
Pterois volitans,146.85,-19.11666
Pterois volitans,-66.06388092,10.58350298
Pterois volitans,-67.28713989,10.54713712
Pterois volitans,-80.1759833,25.3314
Pterois volitans,117.9175,-19.74
Pterois volitans,117.95,-19.919165
Pterois volitans,114.13,-21.8729
Pterois volitans,-81.97166,24.44673
Pterois volitans,-63.36914063,15.40072782
Pterois volitans,-80.11297,25.457
Pterois volitans,-68.21548462,10.69434579
Pterois volitans,33.9368,26.7763
Pterois volitans,-67.2385329,10.55233702
Pterois volitans,128.31,26.73
Pterois volitans,-67.23909616,10.55335484
Pterois volitans,153.33333,-27.16667
Pterois volitans,126.4412227,-8.42210362
Pterois volitans,72.9021,3.5788
Pterois volitans,-86.6021,16.2728
Pterois volitans,-64.76000547,10.30753567
Pterois volitans,-87.0321,20.3442
Pterois volitans,-67.98292637,10.48568086
Pterois volitans,-66.6852951,11.94999059
Pterois volitans,-64.76200104,10.25183366
Pterois volitans,-64.53103065,10.2513269
Pterois volitans,-83.06645,24.6145
Pterois volitans,-75.9695,23.6193
Pterois volitans,-63.12501221,11.36597919
Pterois volitans,-67.74369478,10.49687385
Pterois volitans,121.04245,13.56725
Pterois volitans,-80.077,25.548
Pterois volitans,-67.23907471,10.55383475
Pterois volitans,-67.23859727,10.55214453
Pterois volitans,-82.9902833,24.6815167
Pterois volitans,-177.870306,-29.231528
Pterois volitans,-68.24445336,10.7292065
Pterois volitans,178.3855556,-18.13944444
Pterois volitans,178,-18
Pterois volitans,-82.90253,24.61098
Pterois volitans,118.70167,-18.943335
Pterois volitans,-66.0968399,10.53321401
Pterois volitans,-80.54065,24.893317
Pterois volitans,117.399165,-20.211665
Pterois volitans,-81.61525,24.55821
Pterois volitans,-66.77490234,11.93185233
Pterois volitans,166.2916718,-10.30000019
Pterois volitans,-66.69799805,11.96409729
Pterois volitans,137.700415,-14.86764
Pterois volitans,-81.5339833,24.5183167
Pterois volitans,-67.30499268,10.5526218
Pterois volitans,116.02,-19.88
Pterois volitans,-67.23888695,10.55286439
Pterois volitans,-80.24345,25.29507
Pterois volitans,-82.89005,24.6137333
Pterois volitans,-64.75400805,10.29795623
Pterois volitans,-67.82958984,10.52021854
Pterois volitans,159.15,-31.466
Pterois volitans,-81.03103,24.6459
Pterois volitans,124.75,1.61667
Pterois volitans,-83.614333,25.090666
Pterois volitans,-66.737901,10.625452
Pterois volitans,-82.7780667,24.6541
Pterois volitans,116.37333,-20.3275
Pterois volitans,116.925835,-20.2275
Pterois volitans,-80.0904,19.6808
Pterois volitans,178.218,-17.2525
Pterois volitans,-67.23903179,10.55262708
Pterois volitans,-66.06370926,10.58350298
Pterois volitans,-64.75047827,10.26845081
Pterois volitans,-66.89077377,11.79308821
Pterois volitans,33.8113,27.4467
Pterois volitans,117.975,-19.96
Pterois volitans,-64.75049436,10.26855638
Pterois volitans,34.0381,28.1056
Pterois volitans,-66.876962,10.610342
Pterois volitans,-66.85180664,10.65520955
Pterois volitans,-83.308666,25.900333
Pterois volitans,116.07611,-20.325
Pterois volitans,-64.25965548,10.57309622
Pterois volitans,34.4199,27.9633
Pterois volitans,59,-20
Pterois volitans,-66.061306,10.54528074
Pterois volitans,-80.39244,25.06844
Pterois volitans,115.20917,-20.16667
Pterois volitans,117.100835,-20.1625
Pterois volitans,118.8175,-19.499165
Pterois volitans,146.41666,-18.45
Pterois volitans,134.6525,-10.050555
Pterois volitans,-67.24139214,10.55346559
Pterois volitans,-87.18180084,30.09830093
Pterois volitans,-80.45252,24.95203
Pterois volitans,145.466,-14.6876
Pterois volitans,-63.0959,18.2085
Pterois volitans,-176.47949,0.20655
Pterois volitans,-75.7464444,10.2341944
Pterois volitans,-67.23866701,10.55259016
Pterois volitans,136.593055,-9.809025
Pterois volitans,-176.622824,0.811144
Pterois volitans,130.957222,30.368056
Pterois volitans,-67.23902106,10.55164089
Pterois volitans,-66.0741806,10.54519636
Pterois volitans,159.033333,-29.916667
Pterois volitans,117.10083,-19.875
Pterois volitans,165.833,-10.82499
Pterois volitans,162.347684,11.553295
Pterois volitans,57.58300018,-20.33300018
Pterois volitans,119.4020004,4.666999817
Pterois volitans,117.5225,-20.20667
Pterois volitans,-80.1524333,25.3120167
Pterois volitans,-80.374533,25.005867
Pterois volitans,-68.2009,10.7795
Pterois volitans,123.002222,24.471667
Pterois volitans,27.9,-33
Pterois volitans,123.674,9.5099
Pterois volitans,48.6513,28.6813
Pterois volitans,-67.74389863,10.49749099
Pterois volitans,166.45,-22.26666667
Pterois volitans,-151.785,-16.5014
Pterois volitans,-83.10352,24.64604
Pterois volitans,-65.32655239,10.89669363
Pterois volitans,120.25,14.76666641
Pterois volitans,-68.31,12.1712
Pterois volitans,117.5425,-19.85028
Pterois volitans,116.813335,-20.13417
Pterois volitans,116.6500015,23.38299942
Pterois volitans,116.76083,-19.708335
Pterois volitans,140.992915,-11.2925
Pterois volitans,-67.59896278,10.51025006
Pterois volitans,116.37533,-20.0365
Pterois volitans,-81.410767,24.54215
Pterois volitans,116.2125,-20.5225
Pterois volitans,42.833,11.833
Pterois volitans,-64.75089669,10.26781739
Pterois volitans,146.816667,-19.183333
Pterois volitans,-67.25212097,10.55110298
Pterois volitans,118.35,-19.583335
Pterois volitans,158.1986084,7.008333206
Pterois volitans,129.907222,30.830556
Pterois volitans,138.73403,-11.0025
Pterois volitans,117.00333,-19.98083
Pterois volitans,-67.19842315,10.55606023
Pterois volitans,137.32639,-14.551805
Pterois volitans,-66.05726748,10.55679197
Pterois volitans,-68.26720297,10.94517091
Pterois volitans,-80.68635,24.798417
Pterois volitans,116.029,-8.33546
Pterois volitans,-64.5178,10.4672
Pterois volitans,-63.74825478,11.20244064
Pterois volitans,116.513335,-19.765
Pterois volitans,-67.74430096,10.49681583
Pterois volitans,117.82583,-20.055
Pterois volitans,-64.75607872,10.29980353
Pterois volitans,-67.23915517,10.55304897
Pterois volitans,-82.93297,24.664
Pterois volitans,-67.51046598,10.52608872
Pterois volitans,117.863335,-19.725
Pterois volitans,-67.73963928,10.4954075
Pterois volitans,124.001667,10.285833
Pterois volitans,-81.7095,24.4782667
Pterois volitans,-80.3838,25.004033
Pterois volitans,-66.84631348,10.64441246
Pterois volitans,141.175,-11.09208
Pterois volitans,117.2275,-20.339165
Pterois volitans,-64.62733269,10.26543149
Pterois volitans,-80.0534,26.7153
Pterois volitans,72.18,11.6
Pterois volitans,98.8883,7.42702
Pterois volitans,-178.44055,-30.22838
Pterois volitans,145.467,-14.667
Pterois volitans,113.86667,-28.88333
Pterois volitans,-81.746533,24.466717
Pterois volitans,-64.17938232,10.79148976
Pterois volitans,34.4662,28.0018
Pterois volitans,-68.20037842,10.78204658
Pterois volitans,-67.239539,10.554174
Pterois volitans,115.80667,-20.621665
Pterois volitans,-66.74827337,10.62049724
Pterois volitans,144.76399,13.48827
Pterois volitans,116.049,-8.35197
Pterois volitans,121.5599976,22.04000092
Pterois volitans,-174.98,-21.11
Pterois volitans,145.863,-16.0663
Pterois volitans,-66.09375,10.83330598
Pterois volitans,-67.9494,10.4887
Pterois volitans,79.868721,6.935352
Pterois volitans,140.80028,-10.925695
Pterois volitans,-68.24774086,10.82017581
Pterois volitans,-80.7017,24.783267
Pterois volitans,117.935,-20.175
Pterois volitans,117.88833,-19.73
Pterois volitans,117.429165,-20.0575
Pterois volitans,-80.09456,25.55929
Pterois volitans,-65.36262274,10.90665995
Pterois volitans,-82.94799,24.57571
Pterois volitans,-64.75221634,10.2620532
Pterois volitans,-64.74659443,10.27244133
Pterois volitans,141.26,-12.859445
Pterois volitans,146.416667,-18.45
Pterois volitans,139.98528,-15.602365
Pterois volitans,80,8
Pterois volitans,116.803335,-20.06917
Pterois volitans,-67.25349426,10.54941538
Pterois volitans,-74.5343,24.028
Pterois volitans,-67.51390457,10.52494423
Pterois volitans,-66.83648586,10.61969581
Pterois volitans,151.273,-33.9177
Pterois volitans,-67.738665,10.496947
Pterois volitans,-66.87065125,17.93046951
Pterois volitans,120.8269,13.6882
Pterois volitans,-178.438944,-30.224389
Pterois volitans,-81.48449,24.53119
Pterois volitans,-80.9954833,24.66025
Pterois volitans,-66.692168,10.62362
Pterois volitans,-67.58765459,10.50788184
Pterois volitans,117.968335,-19.77083
Pterois volitans,116.69217,-19.9195
Pterois volitans,116.500275,-19.893195
Pterois volitans,116.67277,-20.525
Pterois volitans,137.25,-12.75139
Pterois volitans,-76.274621,25.239995
Pterois volitans,153.4,-27.883333
Pterois volitans,106.5999985,8.666666985
Pterois volitans,124.3852662,-9.19177439
Pterois volitans,32.09999847,-28.7833004
Pterois volitans,34.2611,27.792
Pterois volitans,116.0175,-20.254165
Pterois volitans,116.499165,-19.765
Pterois volitans,-81.2241,24.5924167
Pterois volitans,-66.4377594,10.63091556
Pterois volitans,134.2886047,7.04472208
Pterois volitans,-66.851358,10.621246
Pterois volitans,116.764165,-19.980835
Pterois volitans,-67.55675554,10.52304553
Pterois volitans,-81.66035,24.489317
Pterois volitans,32.60400009,-25.97800064
Pterois volitans,-81.3762778,13.3178056
Pterois volitans,146.059,-16.417
Pterois volitans,114,-29
Pterois volitans,159.03333,-29.91667
Pterois volitans,34.4326,25.8486
Pterois volitans,137.76875,-15.133615
Pterois volitans,34,27
Pterois volitans,-80.16038,25.33545
Pterois volitans,115.469165,-20.1225
Pterois volitans,167.1583405,-9.899999619
Pterois volitans,-68.2766,12.1378
Pterois volitans,-67.474372,10.532476
Pterois volitans,-67.25237846,10.54968962
Pterois volitans,-67.23761559,10.55658759
Pterois volitans,118.4275,-19.586665
Pterois volitans,-72.2257,21.8083
Pterois volitans,-64.60596085,10.29431439
Pterois volitans,-82.80449,24.72842
Pterois volitans,-67.81907558,10.48456259
Pterois volitans,-66.70280457,11.96141035
Pterois volitans,-86.9274,16.095
Pterois volitans,116.965,-19.761665
Pterois volitans,118.8775,-19.094165
Pterois volitans,116.535835,-19.78583
Pterois volitans,-64.75890577,10.29428272
Pterois volitans,-64.66926098,10.28282911
Pterois volitans,-68.983,18.35
Pterois volitans,-80.3681667,25.0169
Pterois volitans,-179.878333,-29.239667
Pterois volitans,-80.442233,24.967933
Pterois volitans,-81.4082,19.3643
Pterois volitans,118.159305,-19.043335
Pterois volitans,-64.46777344,10.94119179
Pterois volitans,113.66667,-24.88333
Pterois volitans,-83.04518,24.56818
Pterois volitans,-68.19831848,10.77428946
Pterois volitans,134.5398333,7.266944444
Pterois volitans,115.22,-8.73361
Pterois volitans,34.95,29.5
Pterois volitans,98.3307,7.98431
Pterois volitans,-67.49450684,10.5526218
Pterois volitans,117.47833,-20.203335
Pterois volitans,-66.87498093,11.76502443
Pterois volitans,118.632,4.1944
Pterois volitans,-81.90988,24.43607
Pterois volitans,97.83300018,1
Pterois volitans,-80.34739,25.03217
Pterois volitans,-75.70420074,34.69720078
Pterois volitans,33.8106,27.1856
Pterois volitans,-82.94684,24.56221
Pterois volitans,117.88333,-19.65
Pterois volitans,122.012229,14.972267
Pterois volitans,116.002,6.02684
Pterois volitans,-80.63096,24.83676
Pterois volitans,-65.32670259,10.89684113
Pterois volitans,134.5183258,7.286943913
Pterois volitans,117.795835,-20.06167
Pterois volitans,-73.04,18.82
Pterois volitans,120.895,13.68
Pterois volitans,-80.1535667,25.3376833
Pterois volitans,72.9507,4.00579
Pterois volitans,-81.38441,24.56808
Pterois volitans,153.38333,-27.51667
Pterois volitans,-66.04799,10.568004
Pterois volitans,146.268,-16.7296
Pterois volitans,120.4100037,24.81999969
Pterois volitans,147.083,-9.5
Pterois volitans,-66.745019,10.621611
Pterois volitans,117.830835,-19.71333
Pterois volitans,-64.75817621,10.29419827
Pterois volitans,-81.1895,23.2093
Pterois volitans,-177.881778,-29.246667
Pterois volitans,134.459492,7.331475
Pterois volitans,-64.75444794,10.26255995
Pterois volitans,-65.31406403,10.89247945
Pterois volitans,119.5599976,23.56999969
Pterois volitans,118.563335,-19.5
Pterois volitans,152.25343,-23.75777
Pterois volitans,120.907683,13.512533
Pterois volitans,-65.31775475,10.89391228
Pterois volitans,-65.82733154,10.81442196
Pterois volitans,116.33917,-20.03
Pterois volitans,116.201665,-20.333335
Pterois volitans,-67.47013092,10.53709567
Pterois volitans,117.90833,-19.705
Pterois volitans,-178.82654,-31.35419
Pterois volitans,113.383333,-24.866667
Pterois volitans,34.3524,27.9149
Pterois volitans,121.058167,13.546383
Pterois volitans,-68.00537109,10.5526218
Pterois volitans,-80.370167,25.069917
Pterois volitans,-80.1248,26.2379
Pterois volitans,-65.32715321,10.89694648
Pterois volitans,47.08499908,-25.03499985
Pterois volitans,34.3232,27.871
Pterois volitans,-66.09336376,10.53802388
Pterois volitans,-69.8873,19.6332
Pterois volitans,-67.8546524,10.44915575
Pterois volitans,32.691,-27.535
Pterois volitans,-81.4092,19.3656
Pterois volitans,145.233333,-15.45
Pterois volitans,-67.84606934,10.44527299
Pterois volitans,118.53333,-19.416665
Pterois volitans,-82.94838,24.57494
Pterois volitans,55.59999847,-20.86666679
Pterois volitans,-66.09117508,10.5909275
Pterois volitans,121.1999969,22.81999969
Pterois volitans,73.5123,5.3747
Pterois volitans,-67.74399519,10.49707429
Pterois volitans,-67.80897975,10.4788446
Pterois volitans,-67.23839343,10.55168308
Pterois volitans,-66.71035767,11.76384804
Pterois volitans,-77.9416,18.4932
Pterois volitans,138.15,9.498056
Pterois volitans,-64.56171513,10.30516591
Pterois volitans,106.573,-6.05862
Pterois volitans,-81.6226,24.503233
Pterois volitans,-171.769801,-13.825273
Pterois volitans,125.6333313,-10.16666698
Pterois volitans,116.024165,-20.25417
Pterois volitans,31.0125,30.7749
Pterois volitans,134.5183258,7.28666687
Pterois volitans,-80.30159,25.10075
Pterois volitans,134.5794373,7.343332767
Pterois volitans,-64.75980163,10.29394493
Pterois volitans,141.37639,-12.30972
Pterois volitans,-81.0939,19.2936
Pterois volitans,-81.4192,19.3697
Pterois volitans,-74.1534,11.29
Pterois volitans,-64.63402748,10.30559658
Pterois volitans,-69.79818106,11.94182432
Pterois volitans,-67.82441406,10.4881851
Pterois volitans,138.156667,9.575833
Pterois volitans,125.6205252,-8.21418196
Pterois volitans,-79.8455,19.688
Pterois volitans,-82.84163,24.68923
Pterois volitans,-69.93582218,12.17057365
Pterois volitans,-82.96876,24.63096
Pterois volitans,116.665,-19.7325
Pterois volitans,33.8116,27.2579
Pterois volitans,-64.75093156,10.26793088
Pterois volitans,-68.15917969,10.69299635
Pterois volitans,-68.21737289,10.86044968
Pterois volitans,121.55111,-17.942225
Pterois volitans,-80.81014,24.73582
Pterois volitans,-178.44,-30.24
Pterois volitans,96.86667,-12.18333
Pterois volitans,-64.75154042,10.30603676
Pterois volitans,144.450278,7.251389
Pterois volitans,117.96736,-19.975695
Pterois volitans,33.9218,26.9667
Pterois volitans,140.792225,-10.98389
Pterois volitans,117.83333,-19.761665
Pterois volitans,-82.1863,9.35076
Pterois volitans,134.488889,7.297778
Pterois volitans,-65.75317383,10.58502165
Pterois volitans,115.9625,-19.844165
Pterois volitans,-80.1967833,25.2979833
Pterois volitans,-81.53865,24.514467
Pterois volitans,116.633335,-19.79917
Pterois volitans,129.234167,28.035
Pterois volitans,118.491665,-19.783335
Pterois volitans,-176.609745,0.80128
Pterois volitans,-64.75807965,10.29393437
Pterois volitans,137.50181,-10.50028
Pterois volitans,153.15,-26.6246
Pterois volitans,116.791665,-20.17583
Pterois volitans,-67.2394073,10.55437266
Pterois volitans,140.618195,-11.368055
Pterois volitans,118.916665,-19.608335
Pterois volitans,144.79634,13.51442
Pterois volitans,-66.84572875,10.62189972
Pterois volitans,-66.18254,10.6192
Pterois volitans,34.3019,27.8473
Pterois volitans,121.542509,13.706759
Pterois volitans,39.755,-4.01999
Pterois volitans,-88.092642,16.878533
Pterois volitans,124,10.282
Pterois volitans,-178.43,-30.24
Pterois volitans,-64.75607872,10.29583447
Pterois volitans,117.79167,-19.98
Pterois volitans,153.667,-28.4
Pterois volitans,-66.60083771,11.76460429
Pterois volitans,-68.22924167,10.84641977
Pterois volitans,-68.352,12.2195
Pterois volitans,121.433,-16.533
Pterois volitans,-67.28233337,10.54739026
Pterois volitans,120.253,14.7679
Pterois volitans,135.00056,-10.15139
Pterois volitans,121.36736,-18.392915
Pterois volitans,-64.75055605,10.26774349
Pterois volitans,-64.7599411,10.29009191
Pterois volitans,-80.23679,25.16246
Pterois volitans,-67.23862141,10.55231593
Pterois volitans,116.8105,-19.4905
Pterois volitans,-82.77402,24.72437
Pterois volitans,118.343475,-19.776525
Pterois volitans,120.1399994,13.88000011
Pterois volitans,47,-25.183
Pterois volitans,-67.3439464,10.540173
Pterois volitans,139.475835,-12.91722
Pterois volitans,-66.74821973,10.62054996
Pterois volitans,117.55083,-20.17333
Pterois volitans,144.4502716,7.253056049
Pterois volitans,-67.25203514,10.5510186
Pterois volitans,134.5752563,7.35668993
Pterois volitans,139.57611,-11.55986
Pterois volitans,127.983333,26.366667
Pterois volitans,153.35,-27.483333
Pterois volitans,57.5656,-19.9895
Pterois volitans,128.906111,27.759167
Pterois volitans,115.67583,-20.570835
Pterois volitans,117.064165,-20.001665
Pterois volitans,-75.5561,34.8556
Pterois volitans,167,10
Pterois volitans,118.0375,-19.955
Pterois volitans,-64.14093018,10.56207211
Pterois volitans,145.3958333,-15.69194444
Pterois volitans,-67.48833,18.382
Pterois volitans,115.308335,-20.14417
Pterois volitans,33.7773,27.539
Pterois volitans,177.167,-17.85
Pterois volitans,-86.9085,20.7174
Pterois volitans,-65.32483578,10.89612472
Pterois volitans,-80.14239,25.453048
Pterois volitans,-151.754,-16.4379
Pterois volitans,-67.28284836,10.5472215
Pterois volitans,-82.88605,24.6907
Pterois volitans,134.4936066,7.320000172
Pterois volitans,-66.449452,10.629913
Pterois volitans,-67.52197266,11.96678419
Pterois volitans,-81.17254,24.60288
Pterois volitans,-67.2403273,10.55435684
Pterois volitans,-81.1108,24.62282
Pterois volitans,131.0833333,31.28333333
Pterois volitans,136.30028,-9.38486
Pterois volitans,138.66833,-14.475835
Pterois volitans,-67.51569629,10.52474381
Pterois volitans,-80.71697,24.77495
Pterois volitans,-66.29939,10.64185
Pterois volitans,117.393335,-20.1475
Pterois volitans,138.68472,-13.850695
Pterois volitans,153.383333,-27.516667
Pterois volitans,-80.83038,24.7209
Pterois volitans,72.7832,3.99921
Pterois volitans,54.58333206,-20.96666718
Pterois volitans,131.036389,30.826667
Pterois volitans,-81.3927,19.2838
Pterois volitans,-80.41097,24.99035
Pterois volitans,25.58329964,-33.84999847
Pterois volitans,134.5025,7.315833
Pterois volitans,98.5666666,14.65
Pterois volitans,138.434025,-10.53389
Pterois volitans,34.7765,25.3474
Pterois volitans,-72.2341,21.7834
Pterois volitans,-67.74172068,10.49502772
Pterois volitans,-80.071151,26.335903
Pterois volitans,-67.23929553,10.5512599
Pterois volitans,-67.35077262,10.54327668
Pterois volitans,-64.1519165,10.80767738
Pterois volitans,34.3312,27.9031
Pterois volitans,125.483475,-12.91667
Pterois volitans,34,29
Pterois volitans,-67.95290709,10.49101894
Pterois volitans,-64.60639,10.29009191
Pterois volitans,-64.66843486,10.28304024
Pterois volitans,-66.69799805,10.62821611
Pterois volitans,-81.03081,24.64588
Pterois volitans,-87.0798,20.6285
Pterois volitans,33.9841,27.1631
Pterois volitans,144.450278,7.253056
Pterois volitans,133.783475,-10.93514
Pterois volitans,-82.756866,27.765633
Pterois volitans,118.629,4.24895
Pterois volitans,-82.77455,24.6819667
Pterois volitans,134.295,7.0475
Pterois volitans,33.9515,27.1675
Pterois volitans,-64.261546,10.565906
Pterois volitans,153.5,-27.033333
Pterois volitans,-80.176817,25.268167
Pterois volitans,-66.04980469,10.5094167
Pterois volitans,-81.401517,24.546717
Pterois volitans,-83.06271,24.6783
Pterois volitans,-82.9832,12.2779
Pterois volitans,146,-4.66667
Pterois volitans,120.2533,11.8161
Pterois volitans,134.518333,7.286667
